"Index","Library Ref","Library Path","Footprint Ref","Footprint Path","Description","Manufacturer 1","Manufacturer Part Number 1","Location","LCSC","Digikey","Mouser","TME","JAMECO","GenericName","Package","ICtype","Mounting"
"af5585f9-e135-485e-b4ef-b0573d2c4778","","","","","IC,OPAMP,DUAL,CMOS,TLC27L2CDR,SO8,SMD","TI","TLC27L2CDR","R1, R2, R3","","","","","","TLC27L2CDR","SO8","OPAMP,DUAL,CMOS","SMD"
"60dd1759-ce41-46e8-8e20-29f345ba932d","","","","","IC,LOGIC,SINGLEGATE,SWITCH,74V1G66,SOT353,SMD","TI","74V1G66","R33","","","","","","74V1G66","SOT353","LOGIC,SINGLEGATE,SWITCH","SMD"
"bc921747-f0a9-4278-88f0-244114aea2b8","","","","","IC,REGULATOR,BUCK,MIC2238-SSYML-TR,SON12","MICREL","MIC2238-SSYML-TR","R35","","","","","","MIC2238-SSYML-TR","SON12","REGULATOR,BUCK",""
"4c1dbec2-f304-4b7e-aaeb-9c80834becfa","","","","","IC,INTERFACE,DRIVER,SN65LVDS1DBVR,SOT23-5","TI","SN65LVDS1DBVR","R36","","","","","","SN65LVDS1DBVR","SOT23-5","INTERFACE,DRIVER",""
"87e54b0f-dd9b-4ea9-80df-48ba985e8a2c","","","","","IC,SENSOR,TEMPERATURE,LM75AD,112,SO8","NXP","LM75AD,112","R37","","","","","","LM75AD,112","SO8","SENSOR,TEMPERATURE",""
"7cc271df-6da2-442f-9d2f-e30ef1b1b411","","","","","IC,I2C,AD-DA,8 BIT,PCF8591T,SO16W","NXP","PCF8591T","R38","","","","","","PCF8591T","SO16W","I2C,AD-DA,8 BIT",""
"e8576140-1a46-4f85-9fd0-a7bbc8efc784","","","","","IC,OPAMP,SINGLE,TS951,SOT25","ST","TS951","R39","","","","","","TS951","SOT25","OPAMP,SINGLE",""
"f5be6e48-bef1-4382-8133-331bc4dfd868","","","","","IC,OPAMP,SINGLE,TS971,SOT25","ST","TS971","R40","","","","","","TS971","SOT25","OPAMP,SINGLE",""
"798dea9e-4552-4796-89a1-ed8ad3f63cf8","","","","","IC,REGULATOR,LINEAR,POSITIVE,7805CT,TO220,TH","MOTOROLA","7805CT","R42","","","","","","7805CT","TO220","REGULATOR,LINEAR,POSITIVE","TH"
"efdd2062-ab12-4562-a069-ff7298bb1482","","","","","IC,OPAMP,DUAL,TS942IN,DIP8","ST","TS942IN","R43","","","","","","TS942IN","DIP8","OPAMP,DUAL",""
"27257fe6-60b7-4338-92b4-242652d3b451","","","","","IC,OPAMP,DUAL,TS912IN,DIP8","ST","TS912IN","R44","","","","","","TS912IN","DIP8","OPAMP,DUAL",""
"531b1390-58ed-4a38-9530-78fd953afe06","","","","","IC,OPAMP,DUAL,TS972IN,DIP8","ST","TS972IN","R45","","","","","","TS972IN","DIP8","OPAMP,DUAL",""
"94d8a5a1-5296-4eb4-9f9b-d0a584af38a5","","","","","IC,OPAMP,DUAL,TS922IN,DIP8","ST","TS922IN","R46","","","","","","TS922IN","DIP8","OPAMP,DUAL",""
"8d8db383-f469-4015-88b8-fd3a2019433a","","","","","IC,OPAMP,DUAL,TS952IN,DIP8","ST","TS952IN","R47","","","","","","TS952IN","DIP8","OPAMP,DUAL",""
"f63e8c30-d314-46eb-b364-d1ee720e084b","","","","","IC,OPAMP,DUAL,TS462CN,DIP8","ST","TS462CN","R48","","","","","","TS462CN","DIP8","OPAMP,DUAL",""
"bdebf228-e9ca-48f3-8d6f-6e95f5f85c6d","","","","","IC,OPAMP,DUAL,TS922I,SO8","ST","TS922I","R49","","","","","","TS922I","SO8","OPAMP,DUAL",""
"7ef2d939-109f-499c-a927-0da493b2ee2b","","","","","IC,OPAMP,QUAD,TS924AI,SO14","ST","TS924AI","R50","","","","","","TS924AI","SO14","OPAMP,QUAD",""
"83b5fdf7-e31e-44d1-afcb-b9d6e555a76c","","","","","IC,OPAMP,QUAD,TS925I,TSSOP14","ST","TS925I","R51","","","","","","TS925I","TSSOP14","OPAMP,QUAD",""
"6eb695c8-3e89-4d75-a160-30b1d8842b17","","","","","IC,OPAMP,DUAL,TS942I,SO8","ST","TS942I","R52","","","","","","TS942I","SO8","OPAMP,DUAL",""
"38f07344-4989-4f65-97e2-00ff23464d22","","","","","IC,OPAMP,QUAD,TS914I,SO14","ST","TS914I","R53","","","","","","TS914I","SO14","OPAMP,QUAD",""
"1233a45f-3e2b-416d-aba5-ca31de7f6d53","","","","","IC,OPAMP,QUAD,TS954I,SO14","ST","TS954I","R54","","","","","","TS954I","SO14","OPAMP,QUAD",""
"b9ebd02e-76e8-481b-8ac1-3804b4add767","","","","","IC,OPAMP,QUAD,TS904I,SO14","ST","TS904I","R55","","","","","","TS904I","SO14","OPAMP,QUAD",""
"e004f173-5578-4de6-bd41-a9116192cb2d","","","","","IC,OPAMP,DUAL,TS912I,SO8","ST","TS912I","R56","","","","","","TS912I","SO8","OPAMP,DUAL",""
"3d865a06-d315-43b6-b60c-262e7c806d8a","","","","","IC,OPAMP,DUAL,TS462C,SO8","ST","TS462C","R57","","","","","","TS462C","SO8","OPAMP,DUAL",""
"cdd0b436-9ca1-481c-9b4d-3d46cf158dbd","","","","","IC,OPAMP,DUAL,TS972I,SO8","ST","TS972I","R58","","","","","","TS972I","SO8","OPAMP,DUAL",""
"faf6917d-fad7-4fef-9288-1a2525c239b2","","","","","IC,OPAMP,QUAD,TS974I,SO14","ST","TS974I","R59","","","","","","TS974I","SO14","OPAMP,QUAD",""
"316b08c9-7664-4922-a639-3739ae43edea","","","","","IC,OPAMP,QUAD,TS902I,SO14","ST","TS902I","R60","","","","","","TS902I","SO14","OPAMP,QUAD",""
"9d7a0d07-dd9b-4adb-9285-3b51fb4a17fa","","","","","IC,OPAMP,QUAD,TS464C,SO14","ST","TS464C","R61","","","","","","TS464C","SO14","OPAMP,QUAD",""
"83fb3a62-fa44-4940-96ab-da5a899688ea","","","","","IC,OPAMP,SINGLE,TS461CLT,SOT25","ST","TS461CLT","R62","","","","","","TS461CLT","SOT25","OPAMP,SINGLE",""
"501af8ca-0fed-4d71-aeca-90c4e66ffb6b","","","","","IC,OPAMP,DUAL,TS952I,SO8","ST","TS952I","R63","","","","","","TS952I","SO8","OPAMP,DUAL",""
"8286b71e-3045-441d-b019-119c72c23a18","","","","","IC,OPAMP,QUAD,TS925I,SO14","ST","TS925I","R64","","","","","","TS925I","SO14","OPAMP,QUAD",""
"050782f6-84b3-400c-a701-db66e9260e4e","","","","","IC,MEMORY,EEPROM,SPI,CAT25C01P,DIP8","CATALYST","CAT25C01P","R66","","","","","","CAT25C01P","DIP8","MEMORY,EEPROM,SPI",""
"a4684702-88b1-4edd-a0de-924d8a0d85ca","","","","","IC,DAC,8-BIT,MAX5513EUA+,SSO8","MAXIM","MAX5513EUA+","R67","","","","","","MAX5513EUA+","SSO8","DAC,8-BIT",""
"67072f1a-d9e1-44f4-b9d7-8d20adb85dad","","","","","IC,ADC,16-BIT,MCP3428E/SL,SO14","MICROCHIP","MCP3428E/SL","R68","","","","","","MCP3428E/SL","SO14","ADC,16-BIT",""
"3d31733d-f999-4dd5-986c-d1f307768a47","","","","","IC,MICROCONTROLLER,8-BIT,ATMEGA328P-AU,TQFP32","ATMEL","ATMEGA328P-AU","R70","","","","","","ATMEGA328P-AU","TQFP32","MICROCONTROLLER,8-BIT",""
"a114cd32-4960-4884-8630-951f23fe37ee","","","","","IC,OPAMP,INSTRUMENTATION,AD623ARZ,SO8,SMD","ANALOG DEVICES","AD623ARZ","R71","","","","","","AD623ARZ","SO8","OPAMP,INSTRUMENTATION","SMD"
"0c23d8c1-c553-49d2-afea-ff6682d609f9","","","","","IC,OPAMP,DUAL,PRECISION,AD822A,SO8","ANALOG DEVICES","AD822A","R72","","","","","","AD822A","SO8","OPAMP,DUAL,PRECISION",""
"d2ae5771-34de-4c98-96d7-a632e266e353","","","","","IC,OPAMP,DUAL,LT1490ACS8,SO8","LINEAR TECHNOLOGIES","LT1490ACS8","R73","","","","","","LT1490ACS8","SO8","OPAMP,DUAL",""
"5941746a-78d2-4536-b5fe-1046ad7dee88","","","","","IC,DAC,10-BIT,MCP4812E/SN,SO8","MICROCHIP","MCP4812E/SN","R74","","","","","","MCP4812E/SN","SO8","DAC,10-BIT",""
"8434f333-218e-46a5-b50b-0bc894e46c01","","","","","IC,MEMORY,SPI,IS25C08-2GLI,SO8","ISSI","IS25C08-2GLI","R75","","","","","","IS25C08-2GLI","SO8","MEMORY,SPI",""
"36e56c8a-875f-48c8-bfce-fac0a1d6c3b6","","","","","IC,REGULATOR,SWITCHING,INVERTING,LT1931,SOT25","LINEAR TECHNOLOGIES","LT1931","R76","","","","","","LT1931","SOT25","REGULATOR,SWITCHING,INVERTING",""
"7bb571df-e0e3-44ac-994f-23a22b21b368","","","","","IC,MCP3208-CI/SI,SO16","MICROCHIP","MCP3208-CI/SI","R77","","","","","","MCP3208-CI/SI","SO16","",""
"d2d79def-25c7-498a-88d3-d6cc0ca9deec","","","","","IC,MCP4902-E/SL,SO14","MICROCHIP","MCP4902-E/SL","R78","","","","","","MCP4902-E/SL","SO14","",""
"ba1d0cf2-aa9b-402a-b738-70b7c1ee4549","","","","","IC,LM2594M-3.3,SO8","TI","LM2594M-3.3","R79","","","","","","LM2594M-3.3","SO8","",""
"84788976-4ed4-47ef-941f-a7442e3416c9","","","","","IC,MAX1036EKA+T,SOT23-8","MAXIM","MAX1036EKA+T","R80","","","","","","MAX1036EKA+T","SOT23-8","",""
"696f8404-51d6-45ba-b4e6-12d2bc889382","","","","","IC,REGULATOR,LM2674M-ADJ,SO8","TI","LM2674M-ADJ","R81","","","","","","LM2674M-ADJ","SO8","REGULATOR",""
"109e15e6-6147-4671-8405-fefc3283072f","","","","","IC,LT1377,SO8","LINEAR TECHNOLOGIES","LT1377","R82","","","","","","LT1377","SO8","",""
"fb3bbe9b-c8eb-4402-9f8c-35ab9ab9796d","","","","","IC,MAX5721EUA+,USOP8","MAXIM","MAX5721EUA+","R83","","","","","","MAX5721EUA+","USOP8","",""
"3895ffee-7fa3-4dcc-bc85-90c90e4825cd","","","","","IC,TLC59161D,SO16","TI","TLC59161D","R84","","","","","","TLC59161D","SO16","",""
"5798cb2d-2978-4a90-ab00-3f8058c24b0a","","","","","IC,TC55RP3302ECB713,SOT23","TI","TC55RP3302ECB713","R85","","","","","","TC55RP3302ECB713","SOT23","",""
"7a83252b-4580-484c-8be8-c860492cc3c7","","","","","IC,REGULATOR,LM317EMP,SOT223","TI","LM317EMP","R86, R98","","","","","","LM317EMP","SOT223","REGULATOR",""
"6324c456-ca91-4561-830f-5eb2ba895ee5","","","","","IC,LMV331,SOT25","TI","LMV331","R87","","","","","","LMV331","SOT25","",""
"919fafb1-36b3-4102-b40e-c0bc842e6551","","","","","IC,LT1004CDR-1-2","LINEAR TECHNOLOGIES","LT1004CDR-1-2","R88","","","","","","LT1004CDR-1-2","","",""
"0f62eb78-804b-4578-b1a0-2c2aef16f83c","","","","","IC,MCP4362-103E/ST","MICROCHIP","MCP4362-103E/ST","R89","","","","","","MCP4362-103E/ST","","",""
"8763a953-d115-4af8-990a-41d4f0b2a915","","","","","IC,TLC5925IDBQR","TI","TLC5925IDBQR","R90","","","","","","TLC5925IDBQR","","",""
"b0431d1d-df0a-47c7-83ac-5a094cefcef9","","","","","IC,MCP4161-10","MICROCHIP","MCP4161-10","R91","","","","","","MCP4161-10","","",""
"86c28f8a-6e8f-434c-9942-2ce46fb3660b","","","","","IC,MCP73832T-2ACI/DT","MICROCHIP","MCP73832T-2ACI/DT","R92","","","","","","MCP73832T-2ACI/DT","","",""
"456ac6d2-1615-4d9e-a0fa-7b6273c904c4","","","","","IC,LT1490A,SO8","LINEAR TECHNOLOGIES","LT1490A","R93","","","","","","LT1490A","SO8","",""
"f300adef-c04a-4b64-ab0d-0e20bfb5c005","","","","","IC,AP7331-WG-7","","AP7331-WG-7","R94","","","","","","AP7331-WG-7","","",""
"bd7dfdb6-bc3c-4461-82ef-36ace9d7fe09","","","","","IC,LT1930AES5","LINEAR TECHNOLOGIES","LT1930AES5","R97","","","","","","LT1930AES5","","",""
"e03fb964-d57a-4c10-80b8-b0de158ed376","","","","","IC,REGULATOR,LM4041DEM3-ADJ/NOPB,SOT23","TI","LM4041DEM3-ADJ/NOPB","R99","","","","","","LM4041DEM3-ADJ/NOPB","SOT23","REGULATOR",""
"4025ed94-08fc-4554-92e9-1c9c2b7944c2","","","","","IC,LM431ACM,SO8","TI","LM431ACM","R100","","","","","","LM431ACM","SO8","",""
"7ab37014-bc2b-42ae-83bc-8b22ddf0d706","","","","","IC,LT1372I,SO8","LINEAR TECHNOLOGIES","LT1372I","R101","","","","","","LT1372I","SO8","",""
"5ba99f94-3bcb-406a-896c-54aa4885db30","","","","","IC,MAX1651ESA,SO8","MAXIM","MAX1651ESA","R102","","","","","","MAX1651ESA","SO8","",""
"b6adcf2e-7715-4987-8e32-73e111a042a6","","","","","IC,FT245BM","FTDI","FT245BM","R103, R109","","","","","","FT245BM","","",""
"0ddf8aba-927a-4897-b77b-4d08865ec323","","","","","IC,XC9536","XILINX","XC9536","R104","","","","","","XC9536","","",""
"fcb468b4-f207-4f7c-86ee-6bdead0a5b46","","","","","IC,FT2232C","FTDI","FT2232C","R105","","","","","","FT2232C","","",""
"2800e707-d72c-4c6f-a1d7-628f59a87bd5","","","","","IC,M5M5V416BTP-70","MITSUBISHI","M5M5V416BTP-70","R106, R230, A0783","","","","","","M5M5V416BTP-70","","",""
"2d205490-8aa4-4fc7-9e19-461ee9b05172","","","","","IC,MICROCONTROLLER,8-BIT,AT89C52,PLCC44","ATMEL","AT89C52","R107","","","","","","AT89C52","PLCC44","MICROCONTROLLER,8-BIT",""
"3bed4d13-82b1-4c40-bd76-5662d017cc41","","","","","IC,93C46BI/SN0402,SO8,SMD","MICROCHIP","93C46BI/SN0402","R108","","","","","","93C46BI/SN0402","SO8","","SMD"
"33119ebc-8914-4966-bd75-6fc33bda0d45","","","","","IC,MAX213CWI","MAXIM","MAX213CWI","R110","","","","","","MAX213CWI","","",""
"413a2559-b64c-4baf-9bd8-2f8af2465374","","","","","IC,MAX509BCPW","MAXIM","MAX509BCPW","R111","","","","","","MAX509BCPW","","",""
"269cc947-6c3b-4432-a4d4-a17d66c4acdf","","","","","IC,MEMORY,PARALLEL,EPROM,AT27C256R-70RC","ATMEL","AT27C256R-70RC","R112","","","","","","AT27C256R-70RC","","MEMORY,PARALLEL,EPROM",""
"59bd2e0d-0fb5-4d70-876c-a7fa3189dc53","","","","","IC,MICROCONTROLLER,8-BIT,ATTINY45,SO8","ATMEL","ATTINY45","R132","","","","","","ATTINY45","SO8","MICROCONTROLLER,8-BIT",""
"14a38442-99e0-4f90-8727-ea4d471fc76e","","","","","IC,PCF8563,SO8","NXP","PCF8563","R130","","","","","","PCF8563","SO8","",""
"1a08198c-cdcf-4f8b-a792-119abd4150a0","","","","","IC,LOGIC,QUAD,AND2,74LCX08MTR,SMD","NXP","74LCX08MTR","R134","","","","","","74LCX08MTR","","LOGIC,QUAD,AND2","SMD"
"19024eb0-afdb-4c9a-8d58-4f6489068667","","","","","IC,PCA9534DB,TSSOP16","NXP","PCA9534DB","R138, R139, R140","","","","","","PCA9534DB","TSSOP16","",""
"df58c110-dca6-4144-94fe-e17f407f9b59","","","","","IC,TLC272,SO8","TI","TLC272","R133","","","","","","TLC272","SO8","",""
"fdbbcf3a-9484-4021-b733-29dcf0762c0e","","","","","IC,LOGIC,LATCH*8,74HCT573,SO20W,SMD","TI","74HCT573","R142","","","","","","74HCT573","SO20W","LOGIC,LATCH*8","SMD"
"c401b108-78a5-43af-9af3-635ae8d0a731","","","","","IC,LOGIC,74HCT244,SO20W,SMD","ST","74HCT244","R143","","","","","","74HCT244","SO20W","LOGIC","SMD"
"c0d3ae96-e603-4db6-9a77-00113bce23c5","","","","","IC,LOGIC,74LCX86,TSSOP14,SMD","FAIRCHILD","74LCX86","R153","","","","","","74LCX86","TSSOP14","LOGIC","SMD"
"4bfde1e4-4456-4648-a331-adb124ffb35a","","","","","IC,LOGIC,74LCX573 74HC573,TSSOP20,SMD","FAIRCHILD","74LCX573 74HC573","R149","","","","","","74LCX573 74HC573","TSSOP20","LOGIC","SMD"
"4f4ba3ac-3198-48d3-a1e8-d13842840d87","","","","","IC,LOGIC,QUAD,NAND2,74VHC00,SO14,SMD","FAIRCHILD","74VHC00","R146","","","","","","74VHC00","SO14","LOGIC,QUAD,NAND2","SMD"
"bae61dad-2362-4aad-8999-849dde53ee76","","","","","IC,LOGIC,QUAD,NAND2,74HCT00,SO14,SMD","NXP","74HCT00","R146","","","","","","74HCT00","SO14","LOGIC,QUAD,NAND2","SMD"
"024c715d-2fe7-4a83-b7da-429be78d9e84","","","","","IC,LOGIC,LATCH*8,74HC573,TSSOP20,SMD","ST","74HC573","R149","","","","","","74HC573","TSSOP20","LOGIC,LATCH*8","SMD"
"bee92537-e337-4066-b78f-7681b40cf6df","","","","","IC,LOGIC,74V1G125,SOT25,SMD","TI","74V1G125","R144","","","","","","74V1G125","SOT25","LOGIC","SMD"
"37b36da0-4060-4868-836f-3cfeb74113bd","","","","","IC,LOGIC,SINGLEGATE,OR2,SCHMITTTRIGGER,74V1G32,SOT25,SMD","TI","74V1G32","R147","","","","","","74V1G32","SOT25","LOGIC,SINGLEGATE,OR2,SCHMITTTRIGGER","SMD"
"28d21b85-f35b-41c6-9858-b2ca34c79022","","","","","IC,LOGIC,SINGLEGATE,NOT,SCHMITTTRIGGER,74V1G14,SOT25,SMD","TI","74V1G14","R145","","","","","","74V1G14","SOT25","LOGIC,SINGLEGATE,NOT,SCHMITTTRIGGER","SMD"
"8bb14647-a123-4de1-a810-45e630965ec7","","","","","IC,LOGIC,HEX,NOT,SCHMITTTRIGGER,74LCX14,TSSOP14,SMD","TI","74LCX14","R155","","","","","","74LCX14","TSSOP14","LOGIC,HEX,NOT,SCHMITTTRIGGER","SMD"
"7b7e4fea-2ea1-47b3-a696-d4c68fbb6fb1","","","","","IC,LOGIC,HEX,NOT,74LCX04,TSSOP14,SMD","TI","74LCX04","R150","","","","","","74LCX04","TSSOP14","LOGIC,HEX,NOT","SMD"
"0e3d821b-c133-46ed-9d2b-c580c0e27849","","","","","IC,LOGIC,74LCX244,TSSOP20,SMD","TI","74LCX244","R151","","","","","","74LCX244","TSSOP20","LOGIC","SMD"
"920518fd-f666-4e64-8520-ae6efc26cc2c","","","","","IC,LOGIC,74ABT240,TSSOP20,SMD","FAIRCHILD","74ABT240","R156","","","","","","74ABT240","TSSOP20","LOGIC","SMD"
"81c4a760-5eb0-4b41-8ae0-93cecaa98449","","","","","IC,LOGIC,QUAD,AND2,74LCX08,TSSOP14,SMD","TI","74LCX08","R160","","","","","","74LCX08","TSSOP14","LOGIC,QUAD,AND2","SMD"
"28ec7e89-2114-410e-8505-d7dd55343c34","","","","","IC,TIMER,LMC555,SO8","NATSEMI","LMC555","R157","","","","","","LMC555","SO8","TIMER",""
"f9ca42a5-38cf-49f6-ace3-4008ca1660ec","","","","","IC,LOGIC,74LCX32,TSSOP14,SMD","TI","74LCX32","R154","","","","","","74LCX32","TSSOP14","LOGIC","SMD"
"b9f80ef6-7ec0-43d8-9856-2c6802d8161c","","","","","IC,LOGIC,74LCX02,TSSOP14,SMD","TI","74LCX02","R159","","","","","","74LCX02","TSSOP14","LOGIC","SMD"
"bdfb72bf-d5e7-412c-aec3-faeba0983140","","","","","IC,LMC6482IM,SO8","NATSEMI","LMC6482IM","R158","","","","","","LMC6482IM","SO8","",""
"db50b864-9421-45b8-adb6-6133c2bb82e9","","","","","IC,LOGIC,D-FLIPFLOP,DUAL,74HC74,TSSOP14,SMD","ST","74HC74","R152","","","","","","74HC74","TSSOP14","LOGIC,D-FLIPFLOP,DUAL","SMD"
"f98b9d17-a609-4105-b857-011829aebf62","","","","","IC,LOGIC,QUAD,NAND2,SCHMITTTRIGGER,74HC132,TSSOP14,SMD","FAIRCHILD","74HC132","R148","","","","","","74HC132","TSSOP14","LOGIC,QUAD,NAND2,SCHMITTTRIGGER","SMD"
"7d73004a-7e43-40c5-b39c-7dabc76858ef","","","","","IC,OPAMP,SINGLE,CURRENT FEEDBACK,AD811JRZ,SO8","ANALOG DEVICES","AD811JRZ","R135","","","","","","AD811JRZ","SO8","OPAMP,SINGLE,CURRENT FEEDBACK",""
"aea4dbf6-5382-421d-bb39-72ac383c5851","","","","","IC,SN65HVD230DR,SO8","TI","SN65HVD230DR","R131","","","","","","SN65HVD230DR","SO8","",""
"ee99fe67-a270-4354-b64a-8b1afe658d2b","","","","","IC,ANALOG,SWITCH,DG409,SO16","SILICONIX","DG409","R181, R183, R185","","","","","","DG409","SO16","ANALOG,SWITCH",""
"9c03b930-8441-46d4-a25f-84b27174fcd5","","","","","IC,OPAMP,DUAL,POWER,AD8016ARP,SMD","ANALOG DEVICES","AD8016ARP","R180, R182","","","","","","AD8016ARP","","OPAMP,DUAL,POWER","SMD"
"625f1f74-30f2-4cbe-b7f9-d26aedf37a13","","","","","IC,OPAMP,DUAL,POWER,AD8016ARB,SMD","ANALOG DEVICES","AD8016ARB","R184, R238, R242, R246, R237","","","","","","AD8016ARB","","OPAMP,DUAL,POWER","SMD"
"bb44e9a9-ca91-4664-b053-a44dddbb6df9","","","","","IC,LT1442,SO8","LINEAR TECHNOLOGIES","LT1442","R186, R187","","","","","","LT1442","SO8","",""
"a4b2fb81-8545-4955-8392-16ea243c88d4","","","","","IC,COMPARATOR,DUAL,LM393,SO8","ST","LM393","R188 TO R192","","","","","","LM393","SO8","COMPARATOR,DUAL",""
"956aed88-2037-43b0-864c-61e79c1f38f4","","","","","IC,TPS62110","","TPS62110","R193","","","","","","TPS62110","","",""
"2d7d2317-1e80-4609-bb51-a9afc06b5185","","","","","IC,MAX6520EUR","","MAX6520EUR","R194","","","","","","MAX6520EUR","","",""
"9c0e772e-d8d3-41a4-8289-464718396535","","","","","IC,MCP130T-315I/TT","","MCP130T-315I/TT","R201","","","","","","MCP130T-315I/TT","","",""
"d3351b50-4b25-490c-a433-11fe490b425c","","","","","IC,LF50,DPAK","ST","LF50","R221","","","","","","LF50","DPAK","",""
"53794219-c0f0-44ce-9b52-f0027e061369","","","","","IC,LT1250","","LT1250","R199","","","","","","LT1250","","",""
"b03dc2af-c604-4533-a373-b0c9f30a7243","","","","","IC,MAX4550CWI","","MAX4550CWI","R208","","","","","","MAX4550CWI","","",""
"ae4c0527-eadd-4569-b7d8-a8e3b5f9cc31","","","","","IC,REGULATOR,LM2598S-3.3","NATSEMI","LM2598S-3.3","R213","","","","","","LM2598S-3.3","","REGULATOR",""
"c03d73ff-ec99-471c-b137-f516535bdb7c","","","","","IC,REGULATOR,LM2676S-3.3","","LM2676S-3.3","R217, R218","","","","","","LM2676S-3.3","","REGULATOR",""
"51c4ca08-765b-4c16-b6e3-11accba2457b","","","","","IC,REGULATOR,LM2585S-ADJ","","LM2585S-ADJ","R219","","","","","","LM2585S-ADJ","","REGULATOR",""
"5b02c022-c23e-4062-9abb-294f30cd70c4","","","","","IC,REGULATOR,LM2586S-ADJ","","LM2586S-ADJ","R220","","","","","","LM2586S-ADJ","","REGULATOR",""
"2e78617e-2505-4993-8863-b66fbc06f2fe","","","","","IC,FT2232D","","FT2232D","R209","","","","","","FT2232D","","",""
"83cedb79-4571-490b-b302-478fe82277ca","","","","","IC,LT1676","","LT1676","R205","","","","","","LT1676","","",""
"8e05334e-2c9d-4ec1-a521-f704735bd806","","","","","IC,MAX1759EUB","","MAX1759EUB","R195","","","","","","MAX1759EUB","","",""
"98e63b91-4f77-4cbb-93ed-92eb73a5942b","","","","","IC,MAX1864TEEE","","MAX1864TEEE","R196","","","","","","MAX1864TEEE","","",""
"9aa1763c-ef00-43a1-b89b-40c341cc0d63","","","","","IC,NC7SZ125","ONSEMI","NC7SZ125","R197","","","","","","NC7SZ125","","",""
"dbf1b694-cb56-47ae-ad1f-9c5b7130568c","","","","","IC,MAX1795EUA","","MAX1795EUA","R198","","","","","","MAX1795EUA","","",""
"76ddf797-1c1d-4f14-b176-b1ba73486d5c","","","","","IC,MAX4360EAX","","MAX4360EAX","R204","","","","","","MAX4360EAX","","",""
"77ab8341-210d-4791-9344-e1e8edb44dda","","","","","IC,MEMORY,MICROWIRE,93C46,SMD","ST","93C46","R206","","","","","","93C46","","MEMORY,MICROWIRE","SMD"
"98a245c9-6960-4f9c-8d84-673231e891fa","","","","","IC,MEMORY,MICROWIRE,93LC46B,SMD","MICROCHIP","93LC46B","R203","","","","","","93LC46B","","MEMORY,MICROWIRE","SMD"
"2170b596-fa91-437b-9164-baf3a17b2120","","","","","IC,MAX1865T","","MAX1865T","R207","","","","","","MAX1865T","","",""
"0ce07fa6-8302-4cc0-8770-c22356656dff","","","","","IC,REGULATOR,LM2597M-ADJ","","LM2597M-ADJ","R224","","","","","","LM2597M-ADJ","","REGULATOR",""
"a6240229-8279-4169-8a5b-d3ad3e0562ad","","","","","IC,REGULATOR,LM2594M-ADJ","","LM2594M-ADJ","R222","","","","","","LM2594M-ADJ","","REGULATOR",""
"23b9f5be-58a8-4cf5-867c-b18030f5fa4b","","","","","IC,REGULATOR,LM2597M-3.3","","LM2597M-3.3","R223","","","","","","LM2597M-3.3","","REGULATOR",""
"0fa62659-4aff-49e1-813f-574b497fa67a","","","","","IC,MAX1856EUB","","MAX1856EUB","R200","","","","","","MAX1856EUB","","",""
"54d8377e-c033-4cb1-9bd8-5fb77241507b","","","","","IC,MAX1848,SOT28","","MAX1848","R202","","","","","","MAX1848","SOT28","",""
"8bd4323b-6ab2-40dd-86a8-c59b62fdf568","","","","","IC,REGULATOR,LINEAR,POSITIVE,LD2980-3.3","","LD2980-3.3","R215","","","","","","LD2980-3.3","","REGULATOR,LINEAR,POSITIVE",""
"0b4cdc7d-50c0-4263-8938-7f8d0ebb8150","","","","","IC,MAX3232,SO16","","MAX3232","R275 - R288","","","","","","MAX3232","SO16","",""
"2b58bb88-53c4-4a9c-b1bd-3e8cb64b716b","","","","","IC,MAX458","","MAX458","R268","","","","","","MAX458","","",""
"3f5dd479-c824-4a00-a224-778ef97b3028","","","","","IC,MAX456","","MAX456","R272","","","","","","MAX456","","",""
"60bbb94d-e6f2-4521-a0c0-14affdb2b425","","","","","IC,DRIVER,DARLINGTON 8CH,ULN2803,SO18W","","ULN2803","R271","","","","","","ULN2803","SO18W","DRIVER,DARLINGTON 8CH",""
"10a8db77-42aa-46dc-8be5-09dd466f7bd7","","","","","IC,DS1666S-010","","DS1666S-010","R273","","","","","","DS1666S-010","","",""
"227d4d0f-8f8b-4a66-8776-10ab723773c3","","","","","IC,MAX496CPE,DIP16","","MAX496CPE","R266","","","","","","MAX496CPE","DIP16","",""
"0d422ece-0801-4262-9c0c-5d84e6851503","","","","","IC,MAX552CPA,DIP8","","MAX552CPA","R269","","","","","","MAX552CPA","DIP8","",""
"e082dfbb-9b64-4948-8498-817b958cf166","","","","","IC,MAX497","","MAX497","R274","","","","","","MAX497","","",""
"b7c4d784-ad91-444d-9b82-b2657f65ee94","","","","","IC,MAX4169ESD","","MAX4169ESD","R262","","","","","","MAX4169ESD","","",""
"c5f6ef1e-fdb7-43c5-91ff-6b259f3ef22d","","","","","IC,MAX4168ESD","","MAX4168ESD","R270","","","","","","MAX4168ESD","","",""
"314d142c-a6d9-4e58-93ce-7f756e7d2dac","","","","","IC,LTC1386CS","","LTC1386CS","R260","","","","","","LTC1386CS","","",""
"eb8b3bc0-59bc-471d-a228-14f333b4a205","","","","","IC,MAX708RESA,SO8","","MAX708RESA","R264, R263, R261, R259","","","","","","MAX708RESA","SO8","",""
"73356c63-4a58-4eb3-9df6-188984ddb8c6","","","","","IC,OPAMP,SINGLE,741C,SO8,SMD","SGS","741C","R257","","","","","","741C","SO8","OPAMP,SINGLE","SMD"
"b7816915-12fd-4b58-94fa-a83912368b56","","","","","IC,QUADCOMPARATOR,LM339,SO14","TI","LM339","R258","","","","","","LM339","SO14","QUADCOMPARATOR",""
"bb4a2b53-fe72-4563-a723-7b85fffa5d5a","","","","","IC,MAX232,SO16","","MAX232","R265","","","","","","MAX232","SO16","",""
"96aa5a06-971f-494d-a34c-1d133665f505","","","","","IC,MAX7428,SOT28","","MAX7428","R267","","","","","","MAX7428","SOT28","",""
"92d9b43d-943a-4fab-830b-764d46d8c6e7","","","","","IC,REGULATOR,LM2940IS-3.3","","LM2940IS-3.3","R247,R253","","","","","","LM2940IS-3.3","","REGULATOR",""
"e18f3359-0a6c-4b70-a024-733c3cfebd99","","","","","IC,REGULATOR,LINEAR,POSITIVE,LD1117,DPAK","ST","LD1117","R239, R243, R228, R249","","","","","","LD1117","DPAK","REGULATOR,LINEAR,POSITIVE",""
"a2a9fc94-027a-4f5d-9e18-aa237317d077","","","","","IC,REGULATOR,LINEAR,POSITIVE,78M05,DPAK,SMD","ONSEMI","78M05","R245, R227","","","","","","78M05","DPAK","REGULATOR,LINEAR,POSITIVE","SMD"
"aa50c49a-339c-4555-bdda-9d977482b6e2","","","","","IC,REGULATOR,LINEAR,POSITIVE,LF18A,DPAK5","","LF18A","R241, R235","","","","","","LF18A","DPAK5","REGULATOR,LINEAR,POSITIVE",""
"caa00ab7-e6b0-4578-8804-32c47bddb242","","","","","IC,REGULATOR,LINEAR,POSITIVE,LT1117,SOT223","","LT1117","R225","","","","","","LT1117","SOT223","REGULATOR,LINEAR,POSITIVE",""
"7f0ba4ff-22b3-45db-bbe2-4f0e3a557d3c","","","","","IC,REGULATOR,L6932D1.2","","L6932D1.2","R233","","","","","","L6932D1.2","","REGULATOR",""
"65d0e209-2290-45c2-a929-ccec6404dc2e","","","","","IC,IRU3037CS","","IRU3037CS","R226","","","","","","IRU3037CS","","",""
"679d90f9-8535-4a00-8b9d-570af98db943","","","","","IC,REGULATOR,L6932D1.8","","L6932D1.8","R229","","","","","","L6932D1.8","","REGULATOR",""
"34bd5744-3a8e-43c1-8b94-3b0191cb5fe7","","","","","IC,MEMORY,AS7C340098-15TI","ALLIANCE","AS7C340098-15TI","R256","","","","","","AS7C340098-15TI","","MEMORY",""
"e748f47d-2edf-4f9c-8a07-71e03d8776c3","","","","","IC,MEMORY,SST38VF166-70-4C-EK","SST","SST38VF166-70-4C-EK","R252","","","","","","SST38VF166-70-4C-EK","","MEMORY",""
"1b0b8331-2b7a-4106-ae93-38c82d403297","","","","","IC,MEMORY,K4S161622D-TC80","SAMSUNG","K4S161622D-TC80","R255","","","","","","K4S161622D-TC80","","MEMORY",""
"ac21f7b7-fef5-4f1c-896e-c7183977c3a9","","","","","IC,MEMORY,TC55V16100FT-12","TOSHIBA","TC55V16100FT-12","R251","","","","","","TC55V16100FT-12","","MEMORY",""
"471a8d73-cba0-4538-8196-abedb25d77a2","","","","","IC,REGULATOR,BB1117,SOT223","TI","BB1117","R231","","","","","","BB1117","SOT223","REGULATOR",""
"d6b70182-34e9-4e77-b19d-c838bad3e90f","","","","","IC,ADSL FUSE","","ADSL FUSE","R236","","","","","","ADSL FUSE","","",""
"066e378b-f85a-4fc0-b6c5-d98b2d4704b0","","","","","IC,REGULATOR,LP3964-2.5","","LP3964-2.5","R244","","","","","","LP3964-2.5","","REGULATOR",""
"31fed4bc-42d8-4898-8563-993df43eb183","","","","","IC,MEMORY,PARALLEL,FLASH,AT29LV040A","","AT29LV040A","R254","","","","","","AT29LV040A","","MEMORY,PARALLEL,FLASH",""
"3021423b-e22c-458b-afb9-8d4c992daa00","","","","","IC,REGULATOR,LM3940IS-3.3","","LM3940IS-3.3","R232","","","","","","LM3940IS-3.3","","REGULATOR",""
"85fb8c32-41fd-4998-aebc-b4038d8f1c97","","","","","IC,TPS76333","","TPS76333","R250","","","","","","TPS76333","","",""
"8075aed7-23f4-4c4f-99ab-d2824b589612","","","","","IC,OPTOISOLATOR,DIGITAL,740L6000,SMD","TOSHIBA","740L6000","R305, R317","","","","","","740L6000","","OPTOISOLATOR,DIGITAL","SMD"
"b3976191-43a9-45c7-8285-fe6378a5a3f8","","","","","IC,OPTOISOLATOR,DUAL,952S,SMD","Q","952S","R309 - R316","","","","","","952S","","OPTOISOLATOR,DUAL","SMD"
"dc71cc08-179a-4e6a-a551-5072562fc4b7","","","","","IC,LINEAR,REGULATOR,CURRENT,LM334Z,TO92","LINEAR TECHNOLOGIES","LM334Z","","","","","","23739","LM334Z","TO92","LINEAR,REGULATOR,CURRENT",""
"8214f6d2-e72e-48ff-8039-db9fc61c7bb5","","","","","IC,VOLTAGE REFERENCE,1.2V,LM385Z-1.2,TO92","TI","LM385Z-1.2","","","","","","24117","LM385Z-1.2","TO92","VOLTAGE REFERENCE,1.2V",""
"311697dd-5bd6-4c10-9df7-e6ed469971ff","","","","","IC,LOGIC,QUAD,NAND2,SCHMITTTRIGGER,74HC132N,DIP14,SMD","TI","74HC132N","","","","","","45321","74HC132N","DIP14","LOGIC,QUAD,NAND2,SCHMITTTRIGGER","SMD"
"d8e36663-1e27-469e-8e4f-a7b1e7383f43","","","","","IC,OPAMP,SINGLE,LMC6062IN,DIP8","NATSEMI","LMC6062IN","","","","","","2045122","LMC6062IN","DIP8","OPAMP,SINGLE",""
"027aab7e-5f98-4b42-bcd3-6a14ca990d90","","","","","IC,OPAMP,SINGLE,LF411CP,DIP8","TI","LF411CP","","","","","","23018","LF411CP","DIP8","OPAMP,SINGLE",""
"377b7d61-6618-4e22-bb42-cf36bddfd27f","","","","","IC,OPAMP,SINGLE,LM2904P,DIP8","TI","LM2904P","","","","","","2308551","LM2904P","DIP8","OPAMP,SINGLE",""
"81e59a08-ad80-4232-967a-aca8c869512a","","","","","IC,OPAMP,SINGLE,LF412,DIP8","TI","LF412","","","","","","23026","LF412","DIP8","OPAMP,SINGLE",""
"f7cfff84-0d42-4557-a240-c025b3a4e5e2","","","","","IC,LP2980-ADJ,SOT25","NATIONAL","LP2980-ADJ","R353, R354","","","","","","LP2980-ADJ","SOT25","",""
"d518b4df-562e-4bf5-a57b-2f00f1276447","","","","","IC,24C03,SO8,SMD","ST","24C03","R365, R366, R367,R369, R372, R370, R371","","","","","","24C03","SO8","","SMD"
"629cf7f7-2ed7-4857-811f-cd154cc7e653","","","","","IC,OPA1632,MSOP8","ANALOG","OPA1632","R356","","","","","","OPA1632","MSOP8","",""
"cc6c30a1-9877-4bb0-b4ad-96bbc4453b76","","","","","IC,AD5243BRMZ10,SMD","ANALOG","AD5243BRMZ10","R355","","","","","","AD5243BRMZ10","","","SMD"
"a3e6d553-2879-4354-bcbc-bb6d116f7d01","","","","","IC,EPC1441PC8,DIP8","ALTERA","EPC1441PC8","R383","","","","","","EPC1441PC8","DIP8","",""
"7f05b871-35d1-47e0-a818-a2a90f72e279","","","","","IC,TPS2041P,DIP8","TI","TPS2041P","R378","","","","","","TPS2041P","DIP8","",""
"fe0dc588-d7ac-4411-99c9-8fe69651bd04","","","","","IC,LM2595T-5.0","NATIONAL","LM2595T-5.0","R379","","","","","","LM2595T-5.0","","",""
"b9d9eb4c-12ea-4e29-b0e5-bc67c5d064e4","","","","","IC,SPI,EEPROM,X25128P","XICOR","X25128P","R375, R376","","","","","","X25128P","","SPI,EEPROM",""
"cf8c6bb2-8c18-4f08-9694-f96a61dbb5fb","","","","","IC,TUSB2077A","TI","TUSB2077A","R377","","","","","","TUSB2077A","","",""
"92589c95-66c7-4172-97ed-e9035f241cf8","","","","","IC,TPS2044","TI","TPS2044","R384","","","","","","TPS2044","","",""
"293d3f54-7cf5-4f1b-9866-c974d37b7574","","","","","IC,TPS2052","TI","TPS2052","R380","","","","","","TPS2052","","",""
"7852c09a-596a-41c3-b322-babb6b034d70","","","","","IC,REGULATOR,POSITIVE,LINEAR,7805,TO220,TH","MISC","7805","MARS122A","","","","","","7805","TO220","REGULATOR,POSITIVE,LINEAR","TH"
"9e75a4a5-fc71-4c05-a33c-45cab0b9f97d","","","","","IC,REGULATOR,POSITIVE,LINEAR,7812,TO220,TH","MISC","7812","MARS122B","","","","","","7812","TO220","REGULATOR,POSITIVE,LINEAR","TH"
"0e617106-026d-43ae-865b-9d935d00e2a2","","","","","IC,REGULATOR,POSITIVE,LINEAR,7815,TO220,TH","MISC","7815","MARS122C","","","","","","7815","TO220","REGULATOR,POSITIVE,LINEAR","TH"
"f7775c14-d448-484e-a229-8c839497a2f0","","","","","IC,REGULATOR,POSITIVE,LINEAR,7818,TO220,TH","MISC","7818","MARS123A","","","","","","7818","TO220","REGULATOR,POSITIVE,LINEAR","TH"
"3d6e68a5-7479-4f54-80d6-82a272c73b83","","","","","IC,REGULATOR,POSITIVE,LINEAR,7824,TO220,TH","MISC","7824","MARS123B","","","","","","7824","TO220","REGULATOR,POSITIVE,LINEAR","TH"
"dc4dcae6-a05d-4a4e-8e08-0b4d13d6f88c","","","","","IC,LT1083,TO237","LINEAR","LT1083","MARS123C","","","","","","LT1083","TO237","",""
"2066c1e4-23dd-4088-b16e-23da215b9faf","","","","","IC,7905,TO220,TH","MISC","7905","MARS124A","","","","","","7905","TO220","","TH"
"b82c0c03-c120-489e-b7a0-cc0fe363779c","","","","","IC,7912,TO220,TH","MISC","7912","MARS124B","","","","","","7912","TO220","","TH"
"60d999a3-e6fa-4d53-b54c-cc987938726d","","","","","IC,7915,TO220,TH","MISC","7915","MARS124C","","","","","","7915","TO220","","TH"
"f363d6bb-20ea-4ec8-ad6d-d883c9694bdd","","","","","IC,LM317,TO220","NATIONAL","LM317","MARS125A","","","","","","LM317","TO220","",""
"7b6d3f83-c705-4354-86b7-fee8f6453490","","","","","IC,LM337,TO220","NATIONAL","LM337","MARS125B","","","","","","LM337","TO220","",""
"15492a18-0912-4c43-9ec9-ef2930373a7f","","","","","IC,I2C,IO EXPANDER 8 BIT,PCF8574,DIP16","NXP","PCF8574","MARS126A","","","","","","PCF8574","DIP16","I2C,IO EXPANDER 8 BIT",""
"47c17cdb-13aa-41a4-8de5-acb94fa70015","","","","","IC,I2C,AD-DA,8 BIT,PCF8591,DIP16","NXP","PCF8591","MARS126B","","","","","","PCF8591","DIP16","I2C,AD-DA,8 BIT",""
"741421f6-e3f1-4347-b40e-7e0f85f15f28","","","","","IC,AD558,SMD","ANALOG DEVICES","AD558","MARS127A","","","","","","AD558","","","SMD"
"ba9f28ab-c8ff-4f06-922c-e0b41306b04b","","","","","IC,ADM693","ANALOG DEVICES","ADM693","MARS127B","","","","","","ADM693","","",""
"4f32847e-341f-471f-a418-7c04c6b1cb7d","","","","","IC,L6202","ST","L6202","MARS127C","","","","","","L6202","","",""
"df0d6f5d-85e8-4494-835e-32dc19ba330f","","","","","IC,APC1441","","APC1441","MARS127D","","","","","","APC1441","","",""
"b5ebbaf4-3319-4966-b120-8c0ac0004dcd","","","","","IC,LM2678-3.3","NATIONAL","LM2678-3.3","MARS128A","","","","","","LM2678-3.3","","",""
"1913c13b-8b7b-4f54-9f4a-87beedc7fb77","","","","","IC,LM318","NATIONAL","LM318","MARS128B","","","","","","LM318","","",""
"ccc072b7-5b8d-493f-ac64-dfaa7375daff","","","","","IC,PCF8582","NXP","PCF8582","MARS128C","","","","","","PCF8582","","",""
"b100975c-d1fb-4d69-838b-3ba7b8470ea9","","","","","IC,LT1074","LINEAR TECH","LT1074","MARS129A","","","","","","LT1074","","",""
"9ddff4cf-ef43-402f-abea-43cb05b624be","","","","","IC,LMD18200","NTAIONAL","LMD18200","MARS129B","","","","","","LMD18200","","",""
"32dea80a-da27-476d-9540-d62c6b67723f","","","","","IC,LMD18201","NATIONAL","LMD18201","MARS129C","","","","","","LMD18201","","",""
"7b84e388-d887-4176-9df9-d38769b7ba43","","","","","IC,LM675","NATIONAL","LM675","MARS130A","","","","","","LM675","","",""
"6a0e30b4-ee0d-4a24-a5f6-0c2e15d4281e","","","","","IC,EL2008","ELANTEC","EL2008","MARS130B","","","","","","EL2008","","",""
"c2f45c9d-6d1a-4f37-8bb2-75e78465f34f","","","","","IC,OPAMP,QUAD,TL074,DIP14","TI","TL074","MARS131A","","","","","","TL074","DIP14","OPAMP,QUAD",""
"3d53b851-2801-4c93-8717-8936bdc0e4c5","","","","","IC,OPAMP,QUAD,TL084,DIP14","TI","TL084","MARS131B","","","","","","TL084","DIP14","OPAMP,QUAD",""
"cb8cec1a-b5ea-4c76-8c80-963bb6e0b24c","","","DIP8","","IC,24C02,DIP8,TH","NXP","24C02","MARS132A","","","","","","24C02","DIP8","","TH"
"654aa9ce-6828-40c2-aa2c-402713ee0677","","","DIP8","","IC,24C04,DIP8,TH","NXP","24C04","MARS132B","","","","","","24C04","DIP8","","TH"
"993c1bf3-4c1a-46c5-8fa2-d45b17671edf","","","DIP8","","IC,25128,DIP8,TH","","25128","MARS132C","","","","","","25128","DIP8","","TH"
"6bebb1a8-2aab-4954-b06c-cff55f1cfcc7","","","DIP8","","IC,I2C,TRANSCEIVER,P82B715,DIP8","NXP","P82B715","MARS132D","","","","","","P82B715","DIP8","I2C,TRANSCEIVER",""
"77f8a23b-3938-438d-962b-fb4e13f22490","","","","","IC,MAX232,DIP16","MAXIM","MAX232","MARS133","","","","","","MAX232","DIP16","",""
"8ada72d1-0aac-41b5-8e94-d1418d62dd0f","","","","","IC,DRIVER,DARLINGTON 7CH,ULN2003,DIP16","TOSHIBA","ULN2003","MARS134A","","","","","","ULN2003","DIP16","DRIVER,DARLINGTON 7CH",""
"6ee5d08c-90cc-4cbc-abed-ac0555c13965","","","","","IC,DRIVER,DARLINGTON 8CH,ULN2803,DIP18","TOSHIBA","ULN2803","MARS134B","","","","","","ULN2803","DIP18","DRIVER,DARLINGTON 8CH",""
"162c61f6-8789-4ccf-b98f-9c8cdb6cca79","","","","","IC,MC1488","MOTOROLA","MC1488","MARS135A","","","","","","MC1488","","",""
"c82475e0-f328-431f-8cd3-d3beb09240a3","","","","","IC,MC1489","MOTOROLA","MC1489","MARS135B","","","","","","MC1489","","",""
"e68e061e-a655-44af-81d0-732ee7850566","","","","","IC,L200","ST","L200","MARS135C","","","","","","L200","","",""
"eb37dcd7-ee3e-4d17-b555-800659c5f6b7","","","","","IC,UPC1651","NEC","UPC1651","MARS135D","","","","","","UPC1651","","",""
"1ba52c13-735a-4efe-820c-ca70c6672546","","","","","IC,TIL919","","TIL919","MARS136","","","","","","TIL919","","",""
"0e9aa493-3e0c-40b7-bf9a-525b08ecf663","","","","","IC,MCT6","","MCT6","MARS137A","","","","","","MCT6","","",""
"53c84dbd-c975-42a3-8477-b09fac3b38a4","","","","","IC,74OL6000,SMD","","74OL6000","MARS137B","","","","","","74OL6000","","","SMD"
"3f118ba0-7def-4d31-8a98-2534c7b676ff","","","","","IC,LM323","NATIONAL","LM323","MARS138A","","","","","","LM323","","",""
"34b71f78-98f8-4631-896d-087c4c82aeb4","","","","","IC,LM324","NATIONAL","LM324","MARS138B","","","","","","LM324","","",""
"922c25af-c4aa-40b2-ac86-fad774c77f95","","","","","IC,LM335","NATIONAL","LM335","MARS138C","","","","","","LM335","","",""
"1f85ca5d-f9e9-4e74-add4-85da85251509","","","","","IC,LM336","NATIONAL","LM336","MARS138D","","","","","","LM336","","",""
"ebd337c3-8b7a-4a7b-b9a6-23eed46a43db","","","DIP8","","IC,OPAMP,SINGLE,CURRENT FEEDBACK,AD811,DIP8,TH","ANALOG","AD811","MARS139A","","","","","","AD811","DIP8","OPAMP,SINGLE,CURRENT FEEDBACK","TH"
"e990227e-8779-4e6f-b4f4-6f6ec7769dfc","","","","","IC,COMPARATOR,DUAL,LM393","NATIONAL","LM393","MARS139B","","","","","","LM393","","COMPARATOR,DUAL",""
"12a81827-5bb3-4f13-9673-770589c2d554","","","","","IC,NE5534","NATIONAL","NE5534","MARS139C","","","","","","NE5534","","",""
"dcbbd538-ee81-43f3-9326-9e223ef89197","","","","","IC,DISPLAY DRIVER,BARGRAPH,LM3914","NATIONAL","LM3914","MARS139D","","","","","","LM3914","","DISPLAY DRIVER,BARGRAPH",""
"456b6880-b3ca-4031-adf4-d6e8b0018357","","","","","IC,LF13332","NATIONAL","LF13332","MARS140A","","","","","","LF13332","","",""
"b1216eee-958c-4f92-b569-9e0fca268c9a","","","","","IC,LF13508","NATIONAL","LF13508","MARS140B","","","","","","LF13508","","",""
"667dc594-e1f0-4fa2-90f1-8a106862cb60","","","","","IC,LF355","NATIONAL","LF355","MARS140C","","","","","","LF355","","",""
"87e2fca8-db78-4538-a62e-23e390255154","","","","","IC,LF441","NATIONAL","LF441","MARS140D","","","","","","LF441","","",""
"3797c17a-ed67-48dd-a288-dbb056abe073","","","","","IC,MAX712","MAXIM","MAX712","MARS126C","","","","","","MAX712","","",""
"17cee212-a624-4e23-953a-d5452c86c971","","","","","IC,MAX713","MAXIM","MAX713","MARS126D","","","","","","MAX713","","",""
"85a68b3b-858e-4ea5-89a5-d9a7e7f70229","","","","","IC,LOGIC,QUAD,NAND2,74HC00,TH","MISC","74HC00","MARS156","","","","","","74HC00","","LOGIC,QUAD,NAND2","TH"
"f8182d5a-d695-433d-9dbd-9508d77dd54a","","","","","IC,74HC02,TH","MISC","74HC02","MARS156","","","","","","74HC02","","","TH"
"98d1ac1a-c4e0-4de3-96dd-5d8f60a4c165","","","","","IC,74HC03,TH","MISC","74HC03","MARS156","","","","","","74HC03","","","TH"
"e1675d5d-a4a4-477b-9664-5d6219b688a2","","","","","IC,74HC11,TH","MISC","74HC11","MARS158","","","","","","74HC11","","","TH"
"262efdd9-85e8-44ce-8f11-e460d9cf451b","","","","","IC,LOGIC,HEX INVERTER,SCHMITTTRIGGER,74HC14,TH","MISC","74HC14","MARS158","","","","","","74HC14","","LOGIC,HEX INVERTER,SCHMITTTRIGGER","TH"
"4bac3ee5-b8b2-4781-9fda-9feb590adb44","","","","","IC,74HC20,TH","MISC","74HC20","MARS158","","","","","","74HC20","","","TH"
"c123a64e-d1b7-4e6d-8ada-bd1f568ee24d","","","","","IC,LOGIC,D-FLIPFLOP,DUAL,74HC74,TH","MISC","74HC74","MARS167","","","","","","74HC74","","LOGIC,D-FLIPFLOP,DUAL","TH"
"d55bf4f8-0ab2-4597-b4f7-1e56c139a00c","","","","","IC,LOGIC,QUAD XOR2,74HC86,DIP","MISC","74HC86","MARS167","","","","","","74HC86","","LOGIC,QUAD XOR2","DIP"
"6919709f-c42f-4aa2-9786-ccef569d09ac","","","","","IC,LOGIC,DECODER,3:8,74HC138,DIP16,TH","MISC","74HC138","MARS167","","","","","","74HC138","DIP16","LOGIC,DECODER,3:8","TH"
"6c068fd2-320d-470b-b8e5-866edb50f80f","","","","","IC,LOGIC,QUAD,NAND2,SCHMITTTRIGGER,74HC132,DIP14,SMD","MISC","74HC132","MARS162","","","","","","74HC132","DIP14","LOGIC,QUAD,NAND2,SCHMITTTRIGGER","SMD"
"7f589162-d859-4079-a638-9495977ca10c","","","","","IC,74HC244,DIP20,TH","MISC","74HC244","MARS162","","","","","","74HC244","DIP20","","TH"
"af3327cc-fd61-4fda-94d7-8fb36da74098","","","","","IC,74HC245,DIP20,TH","MISC","74HC245","MARS162","","","","","","74HC245","DIP20","","TH"
"b7bae377-72ea-4a43-be40-d97ae5e31009","","","","","IC,LOGIC,LATCH*8,74HC373,DIP20,TH","MISC","74HC373","MARS162","","","","","","74HC373","DIP20","LOGIC,LATCH*8","TH"
"5c0cec1e-e843-4f61-9a0c-73adb4ca5761","","","","","IC,LOGIC,HEX,NOT,74HC04,TH","MISC","74HC04","MARS157","","","","","","74HC04","","LOGIC,HEX,NOT","TH"
"273f73f2-5d11-4b67-9bf4-d820f586c44f","","","","","IC,74HC08,TH","MISC","74HC08","MARS157","","","","","","74HC08","","","TH"
"15fb5e71-216a-4c57-994b-12d397516596","","","","","IC,74HC10,TH","MISC","74HC10","MARS157","","","","","","74HC10","","","TH"
"8f03957b-27a9-47d5-8385-d57cb56b4fb0","","","","","IC,74HC21,TH","MISC","74HC21","MARS166","","","","","","74HC21","","","TH"
"9ab3acbd-8445-48b6-8ee9-769e722418f1","","","","","IC,74HC27,TH","MISC","74HC27","MARS166","","","","","","74HC27","","","TH"
"05b20ec4-7ee2-4d20-96a2-4380958e5a95","","","","","IC,74HC32,TH","MISC","74HC32","MARS166","","","","","","74HC32","","","TH"
"0577dfb5-973c-4d76-b31c-79caa438b007","","","","","IC,74HC151,TH","MISC","74HC151","MARS168","","","","","","74HC151","","","TH"
"7200ccac-e177-422b-b5b0-739fa3759fce","","","","","IC,74HC153,TH","MISC","74HC153","MARS168","","","","","","74HC153","","","TH"
"e8a2bd04-fca1-4b43-90f6-9abeb5c8cb80","","","","","IC,74HC257,TH","MISC","74HC257","MARS168","","","","","","74HC257","","","TH"
"fac9afe9-a7ec-4a1e-9caf-2668d45e38c8","","","","","IC,74F299,DIP20,TH","MISC","74F299","MARS168","","","","","","74F299","DIP20","","TH"
"0e778b42-c6ad-4f3e-89c3-ee0ae7cc609b","","","","","IC,74HCT541,DIP20,DIP","MISC","74HCT541","MARS163","","","","","","74HCT541","DIP20","","DIP"
"fb26f894-9bfb-44cf-9054-f7920c409d7b","","","","","IC,LOGIC,LATCH*8,74HCT573,DIP20,DIP","MISC","74HCT573","MARS163","","","","","","74HCT573","DIP20","LOGIC,LATCH*8","DIP"
"85d9fbd3-0060-45f2-9b98-9a2b38836c45","","","","","IC,LOGIC,D-FLIPFLOP*8,74HCT574,DIP20,DIP","MISC","74HCT574","MARS163","","","","","","74HCT574","DIP20","LOGIC,D-FLIPFLOP*8","DIP"
"e3f663a2-c0e7-43ea-867f-67912070dabe","","","","","IC,74HCT688,DIP","MISC","74HCT688","MARS163","","","","","","74HCT688","","","DIP"
"c7b2be94-df27-4f2b-89b6-134f0053ab0f","","","","","IC,LOGIC,COMPARATOR 8-BIT,74HC688,DIP","MISC","74HC688","MARS159","","","","","","74HC688","","LOGIC,COMPARATOR 8-BIT","DIP"
"94aec918-8210-4855-8c66-15411668d9f7","","","","","IC,LOGIC,LATCH*8,74HC373,TH","MISC","74HC373","MARS159","","","","","","74HC373","","LOGIC,LATCH*8","TH"
"694c110b-6a2e-45d7-934a-8dbcf69989e2","","","","","IC,74HC374,DIP","MISC","74HC374","MARS159","","","","","","74HC374","","","DIP"
"55751c56-3357-4a96-b046-c6a81fbddc9a","","","","","IC,74HC299,TH","MISC","74HC299","MARS159","","","","","","74HC299","","","TH"
"e4ac8069-ad80-4feb-b5a8-908b022bd43e","","","","","IC,74HC4538,DIP","MISC","74HC4538","MARS160","","","","","","74HC4538","","","DIP"
"5178c3bb-06c0-4629-b3d6-670d745633fd","","","","","IC,74HC4075,DIP","MISC","74HC4075","MARS160","","","","","","74HC4075","","","DIP"
"e2b4dcb9-049c-4098-9188-e522ff211d4c","","","","","IC,74HC4040,DIP","MISC","74HC4040","MARS160","","","","","","74HC4040","","","DIP"
"64bd26c8-6eb9-4d32-be9a-6a98d182b561","","","","","IC,74HC4017,DIP","MISC","74HC4017","MARS160","","","","","","74HC4017","","","DIP"
"fdb30a70-ca1c-424a-9198-0e770d95208a","","","","","IC,74HC251,TH","MISC","74HC251","MARS164","","","","","","74HC251","","","TH"
"4b83fa9a-ac11-455c-be14-d17103020f9a","","","","","IC,74HC245,TH","MISC","74HC245","MARS164","","","","","","74HC245","","","TH"
"91f5ca13-2044-490c-8801-21232b334738","","","","","IC,74HC163,TH","MISC","74HC163","MARS164","","","","","","74HC163","","","TH"
"0bda350a-cc4e-4ab2-991a-c3045de9d791","","","","","IC,74HC137,DIP16,TH","MISC","74HC137","MARS164","","","","","","74HC137","DIP16","","TH"
"02749819-4fff-4602-abf7-b165a9bd51eb","","","","","IC,74HC126,TH","MISC","74HC126","MARS170","","","","","","74HC126","","","TH"
"cca130ff-5476-4f0f-b5a8-6ff1f8c9225d","","","","","IC,74HC240,DIP20,TH","MISC","74HC240","MARS170","","","","","","74HC240","DIP20","","TH"
"76b7299c-966a-4115-9fd8-474567fbd7d1","","","","","IC,74HC125,TH","MISC","74HC125","MARS170","","","","","","74HC125","","","TH"
"393d8dba-096c-4e60-aa12-ef9978d385ae","","","","","IC,74HC123,TH","MISC","74HC123","MARS170","","","","","","74HC123","","","TH"
"73f6376d-0350-4738-b9a5-a47fef95b9f0","","","","","IC,74HC368,TH","MISC","74HC368","MARS169","","","","","","74HC368","","","TH"
"f157005d-8a55-4a77-8e30-43d02a669bc0","","","","","IC,74HC279,TH","MISC","74HC279","MARS169","","","","","","74HC279","","","TH"
"2af3b2b0-cb83-4848-8e51-207c73c103da","","","","","IC,74F569,TH","MISC","74F569","MARS169","","","","","","74F569","","","TH"
"fa06f186-f93b-4d58-ac9b-0d453d518dec","","","","","IC,74HC266,TH","MISC","74HC266","MARS169","","","","","","74HC266","","","TH"
"f978550d-4daa-46eb-9d2b-988081792237","","","","","IC,74HC191,SMD","MISC","74HC191","","","","","","","74HC191","","","SMD"
"8cf8d071-950c-4316-b02e-e291a0c7050a","","","","","IC,74HC148,SMD","MISC","74HC148","","","","","","","74HC148","","","SMD"
"5b9527ca-882f-4299-a442-f9855bd30a86","","","","","IC,74F374,SMD","MISC","74F374","","","","","","","74F374","","","SMD"
"0bf215be-de2d-45c5-a160-7ba626aa7583","","","","","IC,74F381,SMD","MISC","74F381","","","","","","","74F381","","","SMD"
"f390ded9-84f7-4f46-b181-3719a551cceb","","","","","IC,LOGIC,LATCH*8,74F373,SMD","MISC","74F373","","","","","","","74F373","","LOGIC,LATCH*8","SMD"
"bbbf137a-474a-4664-88ae-f227b21bebdf","","","","","IC,74F569,SMD","MISC","74F569","","","","","","","74F569","","","SMD"
"3d3d3194-3fb6-4b25-a0d3-5a85d80d3c6c","","","","","IC,74F579,SMD","MISC","74F579","","","","","","","74F579","","","SMD"
"96423653-ed27-4841-b81c-2a9ac65a2b6c","","","","","IC,74F379,SMD","MISC","74F379","","","","","","","74F379","","","SMD"
"242d0614-1fa2-4b88-a7b4-1003cb130376","","","","","IC,74LS74,SMD","MISC","74LS74","","","","","","","74LS74","","","SMD"
"d35c63ce-7ce8-4f1e-86c5-4cf422d001ea","","","","","IC,MCL T4-2,DIP6","MINI CIRCUITS","MCL T4-2","","","","","","","MCL T4-2","DIP6","",""
"53d4ff68-2170-4e29-80ce-31e3b9f97134","","","","","IC,MCL T1-6T,DIP6","MINI CIRCUITS","MCL T1-6T","","","","","","","MCL T1-6T","DIP6","",""
"9b76c1de-cb0c-4218-a262-4f2a847962b4","","","","","IC,MCL Y1-6T,DIP6","MINI CIRCUITS","MCL Y1-6T","","","","","","","MCL Y1-6T","DIP6","",""
"1ca193b5-39d0-45b1-aa44-628e76f415eb","","","","","IC,MCL T8-1,DIP6","MINI CIRCUITS","MCL T8-1","","","","","","","MCL T8-1","DIP6","",""
"1ec3e40c-11d7-4492-b32c-193f5939b0ff","","","","","IC,MICROCONTROLLER,8-BIT,AT89C251","ATMEL","AT89C251","MARS141A","","","","","","AT89C251","","MICROCONTROLLER,8-BIT",""
"c3980e78-29ee-4360-bb89-a7286590c44c","","","","","IC,MICROCONTROLLER,8-BIT,AT89C8252","ATMEL","AT89C8252","MARS141B","","","","","","AT89C8252","","MICROCONTROLLER,8-BIT",""
"0d42bf7e-e8d5-4660-8680-7ee85530aad2","","","","","IC,87C52,DIP40,TH","NXP","87C52","MARS142","","","","","","87C52","DIP40","","TH"
"f843bd6a-7675-4bc6-acf5-398f604f932b","","","","","IC,87C528,DIP40,TH","NXP","87C528","MARS142","","","","","","87C528","DIP40","","TH"
"0c728a00-922d-4251-b34e-65cceaee4388","","","","","IC,89LV51,DIP40,TH","ATMEL","89LV51","MARS143","","","","","","89LV51","DIP40","","TH"
"36a43bda-fff5-4dca-9d44-257af2dc0559","","","","","IC,89C52,DIP40,TH","ATMEL","89C52","MARS143","","","","","","89C52","DIP40","","TH"
"28d8fc1b-26e3-4040-98a9-b9776861e5ba","","","","","IC,DS5000T,DIP40","DALLAS","DS5000T","MARS144","","","","","","DS5000T","DIP40","",""
"05a10187-916b-4419-852f-3a00aa512b80","","","","","IC,27C1024,DIP40,TH","ST","27C1024","MARS144","","","","","","27C1024","DIP40","","TH"
"de8a7f69-226e-473d-9cb7-13eb58a8bcb5","","","","","IC,27C2048,DIP40,TH","ST","27C2048","MARS144","","","","","","27C2048","DIP40","","TH"
"04412bb1-0d9d-455b-81dd-70a899b0e7b4","","","","","IC,7924,TO220,TH","MISC","7924","","","","","","","7924","TO220","","TH"
"3faef1eb-df26-4dbd-bedb-6b83493dd40a","","","","","IC,80C32,PLCC44,SMD","TEMIC","80C32","MARS146","","","","","","80C32","PLCC44","","SMD"
"3b7cf635-a897-4903-b6b8-cce7aa33fe41","","","","","IC,LM2925,TO220-5","NATIONAL","LM2925","MARS147","","","","","","LM2925","TO220-5","",""
"428afab1-2b96-40ee-a074-25968a9882f5","","","","","IC,LM2595-3.3,TO220-5","NATIONAL","LM2595-3.3","MARS147","","","","","","LM2595-3.3","TO220-5","",""
"1063a0d2-adc2-4b92-92af-094cbfc52196","","","","","IC,LM2595-5.0,TO220-5","NATIONAL","LM2595-5.0","MARS147","","","","","","LM2595-5.0","TO220-5","",""
"c4c83706-f3e3-42d1-9648-1213599f2bb2","","","","","IC,LM2575-5.0,TO220-5","NATIONAL","LM2575-5.0","MARS147","","","","","","LM2575-5.0","TO220-5","",""
"c81bba1f-d77d-460b-84f1-fa1bd5d89232","","","","","IC,OPAMP,DUAL,TL072,DIP8","TI","TL072","MARS148","","","","","","TL072","DIP8","OPAMP,DUAL",""
"76c35007-e5ae-4343-9037-c4497c88b306","","","","","IC,OPAMP,SINGLE,TL081,DIP8","TI","TL081","MARS148","","","","","","TL081","DIP8","OPAMP,SINGLE",""
"8fc0342c-b98d-4d7e-a593-260d67b35f30","","","","","IC,OP07,DIP8","ANALOG","OP07","MARS148","","","","","","OP07","DIP8","",""
"3a110233-4959-43f8-8db5-06de69d930ab","","","","","IC,TIMING,TIMER,NE555,DIP8","NATIONAL","NE555","MARS149","","","","","","NE555","DIP8","TIMING,TIMER",""
"daed4a5b-cad1-4c0f-8690-81b21f1558d9","","","","","IC,TIMING,TIMER,DUAL,NE556,DIP14","NATIONAL","NE556","MARS149","","","","","","NE556","DIP14","TIMING,TIMER,DUAL",""
"f1b1a8d6-c08e-480b-a392-35c921c290b4","","","","","IC,NE566","NATIONAL","NE566","MARS149","","","","","","NE566","","",""
"eef9c843-5c58-4c36-9be6-a2ef03a5660b","","","DIP8","","IC,NE567,DIP8","NATIONAL","NE567","MARS149","","","","","","NE567","DIP8","",""
"ba4b0f0c-14a5-4e23-9f47-fcc9816c7830","","","","","IC,62256,DIP28,TH","HITACH","62256","MARS150","","","","","","62256","DIP28","","TH"
"199cca28-dcd6-4ec6-bcb2-a1c6ef632fd5","","","","","IC,43256,DIP28,TH","HITACHI","43256","MARS150","","","","","","43256","DIP28","","TH"
"06da299a-95d0-4c98-8f64-a61fb486a946","","","","","IC,AD790,SMD","ANALOG","AD790","MARS151","","","","","","AD790","","","SMD"
"f0caaad9-3715-439e-9124-4cda6a00459a","","","DIP8","","IC,OP27,DIP8","ANALOG","OP27","MARS151","","","","","","OP27","DIP8","",""
"04916cfd-fe97-4e3c-aef7-3d0cbfafa191","","","DIP8","","IC,OP37,DIP8","ANALOG","OP37","MARS151","","","","","","OP37","DIP8","",""
"b030f628-a42b-43cc-9470-4a41f67358ad","","","","","IC,OPA620","ANALOG","OPA620","MARS151","","","","","","OPA620","","",""
"f150e30c-3fb3-4212-8b48-142a87b3b748","","","","","IC,LM324,DIP14","NATIONAL","LM324","MARS152","","","","","","LM324","DIP14","",""
"9953f8ea-e834-474d-bdf0-a3f0e82fdef5","","","","","IC,LM339,DIP14","NATIONAL","LM339","MARS152","","","","","","LM339","DIP14","",""
"533e6bb8-57fd-4fca-b889-f3d2ea3141bb","","","DIP8","","IC,OPAMP,DUAL,LM358,DIP8","NATIONAL","LM358","MARS152","","","","","","LM358","DIP8","OPAMP,DUAL",""
"49a28cb7-a411-4ea1-81f4-6e90a3f96933","","","DIP8","","IC,OPAMP,SINGLE,LM741,DIP8","NATIONAL","LM741","MARS152","","","","","","LM741","DIP8","OPAMP,SINGLE",""
"a9104498-4d8f-435a-82e4-e4b0ba0d9c35","","","","","IC,LM2676-3.3","NATIONAL","LM2676-3.3","","","","","","","LM2676-3.3","","",""
"f6d18b64-5b52-4255-83ca-8af1f0eb4fd4","","","","","IC,LT1085","LINEAR","LT1085","","","","","","","LT1085","","",""
"a54a1f6b-f6d0-4640-97b7-e4f4f806a515","","","","","IC,TDA1515","PHILIPS","TDA1515","","","","","","","TDA1515","","",""
"ddf7128e-7b26-4c6e-97ab-0b000918518a","","","","","IC,ICL7106,DIP40","INTERSIL","ICL7106","MARS154","","","","","","ICL7106","DIP40","",""
"e14af389-272a-4e4b-b377-4e2b2d1c5803","","","","","IC,ICL7107,DIP40","INTERSIL","ICL7107","MARS154","","","","","","ICL7107","DIP40","",""
"d343f2ea-1195-44f7-a4c8-b9f2fec41427","","","","","IC,ICL7109,DIP40","INTERSIL","ICL7109","MARS155","","","","","","ICL7109","DIP40","",""
"0913c32d-e4d3-41b8-b7a6-a23f9802ac03","","","","","IC,ICL7135,DIP28","INTERSIL","ICL7135","MARS155","","","","","","ICL7135","DIP28","",""
"ade85aff-ecc5-4562-aabf-43a5a3309c90","","","","","IC,MAX133","MAXIM","MAX133","MARS155","","","","","","MAX133","","",""
"0e21cee7-4de5-4048-9cfc-ed5f110fd7c7","","","","","IC,MAX708,SO8","MAXIM","MAX708","R403","","","","","","MAX708","SO8","",""
"70681e14-a120-4ed5-8815-ca2d61553f9c","","","","","IC,PCA9554,TSSOP","NXP","PCA9554","R414","","","","","","PCA9554","TSSOP","",""
"a8797138-73c8-4df4-afd3-838e71f7d776","","","","","IC,PCA9544,SO16W","TI","PCA9544","R413","","","","","","PCA9544","SO16W","",""
"28eb1e48-15fe-4a3e-96bf-8bfa87970831","","","","","IC,24LC64,TSSOP8,SMD","MICROCHIP","24LC64","R412","","","","","","24LC64","TSSOP8","","SMD"
"d22fe279-c808-40e9-ace1-11829d0836da","","","","","IC,74HCT597,SO16,SMD","TI","74HCT597","R411","","","","","","74HCT597","SO16","","SMD"
"bbd4fac9-4d4e-4881-a3e1-89581b810b07","","","","","IC,AD825ARZ,SO8","AD","AD825ARZ","R410","","","","","","AD825ARZ","SO8","",""
"b2a2e4d4-d5e9-4300-b3a4-2f1c0b8a2b2f","","","","","IC,74LCX574,TSSOP,SMD","ST","74LCX574","R408","","","","","","74LCX574","TSSOP","","SMD"
"dd197008-1b21-4d1c-8848-29828493c6c1","","","","","IC,74HC221,SO,SMD","NXP","74HC221","R406","","","","","","74HC221","SO","","SMD"
"2ae00c07-65a9-48ce-bed5-b6120ecbab80","","","","","IC,PCA9544AD,SO20W","NXP","PCA9544AD","R405","","","","","","PCA9544AD","SO20W","",""
"97771ce6-87a4-45d7-900b-de5d1236ed31","","","","","IC,LOGIC,QUAD XOR2,74HC86,SO,SMD","NATSEMI","74HC86","R407","","","","","","74HC86","SO","LOGIC,QUAD XOR2","SMD"
"ccf43375-8260-4f7f-9427-1408d2ad49d8","","","","","IC,74V1G86,SOT25,SMD","","74V1G86","R394","","","","","","74V1G86","SOT25","","SMD"
"b6324860-fa46-48cd-904b-c1072c833d9e","","","","","IC,74V1G4066,SOT25,SMD","","74V1G4066","R392","","","","","","74V1G4066","SOT25","","SMD"
"6ffbe5eb-7018-4d35-a666-baa656c2103e","","","","","IC,LOGIC,SINGLEGATE,AND2,74V1G08,SOT25,SMD","","74V1G08","R387","","","","","","74V1G08","SOT25","LOGIC,SINGLEGATE,AND2","SMD"
"80db1599-bc17-4a51-a953-3582fddf79f8","","","","","IC,OPAMP,DUAL,CURRENT FEEDBACK,AD812,SO8,SMD","","AD812","R395","","","","","","AD812","SO8","OPAMP,DUAL,CURRENT FEEDBACK","SMD"
"7dd9de65-6255-45bd-bfa1-1410a23da2ae","","","","","IC,MAX6383 XR24D2,SOT23","","MAX6383 XR24D2","R481","","","","","","MAX6383 XR24D2","SOT23","",""
"48499c36-edc4-4bc3-81cb-cc29a5b4ceb2","","","","","IC,MAX6103,SOT23","","MAX6103","R482","","","","","","MAX6103","SOT23","",""
"c6389347-8306-4661-84f9-6c0a1a4eb362","","","","","IC,AD8531,SOT25","","AD8531","R483, R484","","","","","","AD8531","SOT25","",""
"c9d526f8-6d5d-4df4-9b98-38d634e609d7","","","","","IC,MAX6835 FXSD0-T,SOT25","","MAX6835 FXSD0-T","R485","","","","","","MAX6835 FXSD0-T","SOT25","",""
"ff45f8a0-eb4d-4b3e-859c-6db800668439","","","","","IC,AD8531","","AD8531","R486","","","","","","AD8531","","",""
"e44d17f8-8655-429f-8e04-b80d44902eaf","","","","","IC,MAX4450EUK","MAXIM","MAX4450EUK","R487","","","","","","MAX4450EUK","","",""
"46e56ad9-d210-499d-8481-766812b9f1c3","","","","","IC,MC33164,SO8","ONSEMI","MC33164","R488, R490","","","","","","MC33164","SO8","",""
"5206506f-bfa9-4099-a649-bc4a66d6d17f","","","","","IC,MAX4450EUK","MAXIM","MAX4450EUK","R489","","","","","","MAX4450EUK","","",""
"5038c079-b531-4908-90c0-a3d22e9506c5","","","","","IC,TS431AILT","","TS431AILT","R492","","","","","","TS431AILT","","",""
"0ead607f-32b9-4e1c-8bab-207a15bdb9f2","","","","","IC,CC3000MOD,MODULE","TI","CC3000MOD","R494","","","","","","CC3000MOD","MODULE","",""
"b6602b41-210e-44af-a547-afc13a57a3e3","","","","","IC,HM62256,SO28","HITACHI","HM62256","R495","","","","","","HM62256","SO28","",""
"9013e84c-34d1-4bef-8e41-c3172e2e86f9","","","","","IC,LOGIC,LATCH*8,74HC373,SO20,SMD","TI","74HC373","R496, R497","","","","","","74HC373","SO20","LOGIC,LATCH*8","SMD"
"28942fa0-f3d4-4a59-bea5-04820d5207f9","","","","","IC,LOGIC,LATCH*8,74HC573,SO20,SMD","TI","74HC573","R498, R503","","","","","","74HC573","SO20","LOGIC,LATCH*8","SMD"
"daa2378d-9f09-46e3-8972-8b095fcb0834","","","","","IC,TSA5510","NXP","TSA5510","R499","","","","","","TSA5510","","",""
"069d90cc-9995-4a50-b0a4-64aff8f3d70f","","","","","IC,LEDTESTER PCB","","LEDTESTER PCB","R500","","","","","","LEDTESTER PCB","","",""
"6f6f06ce-fafd-4c96-ba1d-df8d05f62faa","","","","","IC,SI4705-D60-GU-ND","SILABS","SI4705-D60-GU-ND","R501","","","","","","SI4705-D60-GU-ND","","",""
"6ebf642a-5cdd-42b4-b771-0309cd525798","","","","","IC,LOGIC,D-FLIPFLOP*8,74HC574,SMD","TI","74HC574","R502","","","","","","74HC574","","LOGIC,D-FLIPFLOP*8","SMD"
"7b92a9a4-eb11-488c-8959-10d716c5fea5","","","DIP8","","IC,LF442,DIP8","NATSEMI","LF442","A0116, A0053, A0064","","","","","","LF442","DIP8","",""
"d4f79eb8-1891-4584-b3c4-328f4087b895","","","DIP8","","IC,24C01,DIP8,TH","ATMEL","24C01","A0140","","","","","","24C01","DIP8","","TH"
"e74dce98-c51e-48c4-9d18-b31c2cf12b7c","","","","","IC,SSP1117-5.0,SOT223","","SSP1117-5.0","A0150","C277893","","","","","SSP1117-5.0","SOT223","",""
"8ccd6989-b8ed-4085-adf1-c31fee52ac2f","","","","","IC,EPM7160SLC84,PLCC84","ALTERA","EPM7160SLC84","A0146","","","","","","EPM7160SLC84","PLCC84","",""
"42347a57-b1d1-4ff2-b8b9-4887dfa6139e","","","","","IC,I2C,IO EXPANDER 8 BIT,PCF8574A,SO16W","NXP","PCF8574A","A0141","","","","","","PCF8574A","SO16W","I2C,IO EXPANDER 8 BIT",""
"a10510f1-dd8c-47f8-9e59-8204bdb77403","","","","","IC,PCF8582E,DIP8","NXP","PCF8582E","A0106","","","","","","PCF8582E","DIP8","",""
"0419448b-56db-4d18-b390-fd83aacf3920","","","","","IC,AD7245,DIP24S,TH","ANALOG DEVICES","AD7245","A0044, A0040","","","","","","AD7245","DIP24S","","TH"
"c68e9b7e-322b-40ce-af05-c52d315fa531","","","","","IC,COMPARATOR,DUAL,LM393,DIP8","TI","LM393","A0045, A0065","","","","","","LM393","DIP8","COMPARATOR,DUAL",""
"a59add38-0b2b-47cb-9b59-ee08871e25a5","","","","","IC,LT1085-3.3,TO220","LINEAR TECHNOLOGIES","LT1085-3.3","A0042","","","","","","LT1085-3.3","TO220","",""
"4cfa4a92-d09f-4ad3-85ba-064df13bfceb","","","DIP14","","IC,LOGIC,QUAD,AND2,74LS08,DIP14,TH","TI","74LS08","A0041","","","","","","74LS08","DIP14","LOGIC,QUAD,AND2","TH"
"720a2b02-58c6-4017-affb-69d4ef270bde","","","","","IC,87C51,PLCC44,SMD","INTEL","87C51","A0026","","","","","","87C51","PLCC44","","SMD"
"a0d5c8a5-b199-439a-bf3f-bdd23f709549","","","","","IC,CY62256-70,SO28,SMD","CYPRESS","CY62256-70","A0027","","","","","","CY62256-70","SO28","","SMD"
"fb545ad5-98c0-4f3a-b056-e34d2c49bbe3","","","DIP14","","IC,LOGIC,QUAD AND2,74LS02,DIP14,TH","TI","74LS02","A0028","","","","","","74LS02","DIP14","LOGIC,QUAD AND2","TH"
"67d39b96-8112-4c12-8788-2435d21fa6a7","","","DIP8","","IC,LF356,DIP8","NATSEMI","LF356","A0039","","","","","","LF356","DIP8","",""
"0ce65d10-95c9-431f-97ac-86b1dfe04c69","","","DIP14","","IC,LOGIC,QUAD,NAND2,74F00,DIP14,SMD","TI","74F00","A0110","","","","","","74F00","DIP14","LOGIC,QUAD,NAND2","SMD"
"98fbaa6a-7ea9-4116-8a80-f9a84fbcbaa4","","","","","IC,MOC3020,DIP6","FAIRCHILD","MOC3020","A0104","","","","","","MOC3020","DIP6","",""
"3d2ed532-74cd-4484-b831-da23223340f6","","","DIP8","","IC,SA555,DIP8","ST","SA555","A0029","","","","","","SA555","DIP8","",""
"8913a315-2068-4eac-ac59-e08d748d0062","","","DIP8","","IC,OPAMP,SINGLE,TL061,DIP8","TI","TL061","A0043","","","","","","TL061","DIP8","OPAMP,SINGLE",""
"9253262b-b97c-4438-80ba-87ef7a55581a","","","DIP8","","IC,SN75158,DIP8","TI","SN75158","A0031","","","","","","SN75158","DIP8","",""
"6e61fcb4-3cc2-4fd1-a8dc-25a7c86c341c","","","DIP8","","IC,TDA7052,DIP8","NXP","TDA7052","A0056","","","","","","TDA7052","DIP8","",""
"54d23519-35fc-4aaa-9bb8-a107738e41fb","","","","","IC,74LS390,DIP16,TH","TI","74LS390","A0033","","","","","","74LS390","DIP16","","TH"
"9c2fa0d0-c1a1-4c28-ac0c-95c6cddb777a","","","","","IC,74LS244,DIP20,TH","TI","74LS244","A0034","","","","","","74LS244","DIP20","","TH"
"c4a54e3e-6a1c-4cc9-ad49-7870ed36536f","","","","","IC,74LS374,DIP20,TH","TI","74LS374","A0048","","","","","","74LS374","DIP20","","TH"
"e2b6843c-14d9-4c7a-8e8b-13be0d44a7f0","","","DIP14","","IC,LF347,DIP14","NATSEMI","LF347","A0057","","","","","","LF347","DIP14","",""
"78ddee9b-8547-4d85-a20e-65104dd7c417","","","DIP8","","IC,OPAMP,SINGLE,BIMOS,CA3140,DIP8","RCA","CA3140","A0047","","","","","","CA3140","DIP8","OPAMP,SINGLE,BIMOS",""
"4f569638-c948-4133-98d3-1e53fcd4df1c","","","DIP8","","IC,LF411,DIP8","NATSEMI","LF411","A0037, A0049","","","","","","LF411","DIP8","",""
"e9a2ce78-af19-4bd7-8ca3-556a9c7f3104","","","DIP14","","IC,LM339,DIP14","NATSEMI","LM339","A0035","","","","","","LM339","DIP14","",""
"e6855f3b-4232-46c0-bc25-d2ee95c7c244","","","","","IC,DG444,DIP16","MAXIM","DG444","A0032, A0054","","","","","","DG444","DIP16","",""
"7cd86efc-1921-4b10-84af-0775f85e9dca","","","DIP8","","IC,OP27,DIP8","MAXIM","OP27","A0060","","","","","","OP27","DIP8","",""
"5f4ffb90-7fa6-4cfe-9f3d-005d76af1554","","","DIP8","","IC,OPAMP,DUAL,LM358,DIP8","TI","LM358","A0063","","","","","","LM358","DIP8","OPAMP,DUAL",""
"d8bee42f-dad7-4816-924d-17fa3dd46893","","","","","IC,74LS245,DIP20,TH","TI","74LS245","A0062","","","","","","74LS245","DIP20","","TH"
"c4325af8-80ba-4774-b330-14a348c822a6","","","DIP14","","IC,LOGIC,HEX,NOT,74LS04,DIP14,TH","TI","74LS04","A0055","","","","","","74LS04","DIP14","LOGIC,HEX,NOT","TH"
"1cae8e06-c84a-4891-af4a-ffb50bf52b44","","","DIP18","","IC,DG528,DIP18","MAXIM","DG528","A0052","","","","","","DG528","DIP18","",""
"ea2c3c62-e752-4a74-88b1-0051cc58f3dd","","","","","IC,LT1083C,TO237","LINEAR TECHNOLOGIES","LT1083C","A0006","","","","","","LT1083C","TO237","",""
"c6d0aca2-1b6a-4d9e-a3b1-ad8d466b27d1","","","","","IC,REGULATOR,LINEAR,POSITIVE,7812,TO220,TH","MOTOROLA","MC7812","A0005, A0021, A0007, A0023, A0020, A0019, A0017, A0018, A0015, A0014, A0013, A0022","","","","","","7812","TO220","REGULATOR,LINEAR,POSITIVE","TH"
"1bfdb0a0-605f-4d42-82ac-c6c5db118226","","","","","IC,LT1584-3.3,TO220","LINEAR TECHNOLOGIES","LT1584-3.3","A0008","","","","","","LT1584-3.3","TO220","",""
"f3401b87-e752-486d-8dec-5ef0dde79f45","","","","","IC,REGULATOR,LINEAR,POSITIVE,7808,TO220,TH","ONSEMI","MC7808","A0011","","","","","","7808","TO220","REGULATOR,LINEAR,POSITIVE","TH"
"190a9c33-e3cc-4616-9b21-47c8e8b040cc","","","","","IC,IS474","SHARP","IS474","A0010","","425-1179-5-ND","","","","IS474","","",""
"96045f4d-5e7c-4919-9682-f182b601d2d4","","","","","IC,LT1084,TO247","LINEAR TECHNOLOGIES","LT1084","A0004","","","","","","LT1084","TO247","",""
"0a3b6420-97de-4801-97dc-2c0504b28b56","","","","","IC,LT1085,TO220","LINEAR TECHNOLOGIES","LT1085","A0009","","","","","","LT1085","TO220","",""
"f5ea421e-97ec-428a-a7b5-b855cfda9dca","","","","","IC,OPAMP,SINGLE,LM741,TO99","SGS","LM741","A0073","","","","","","LM741","TO99","OPAMP,SINGLE",""
"e775fe26-a911-44e1-9ef8-406966703ee0","","","","","IC,REGULATOR,LINEAR,NEGATIVE,8V,MC7908,TO220","ONSEMI","MC7908","A0024","","","","","","MC7908","TO220","REGULATOR,LINEAR,NEGATIVE,8V",""
"e2b6e028-61cb-4acc-8481-c7ae9a0a930c","","","SO127P600X500-8","","IC,SPI,EEPROM,AT25256,SO8","ATMEL","AT25256","A0078","","","","","","AT25256","SO8","SPI,EEPROM",""
"5daf7c79-d619-42b6-8adb-076cd89b3956","","","SO65P640X300-8","","IC,TL7700,TSSOP8","TI","TL7700","A0079, A0162","","","","","","TL7700","TSSOP8","",""
"cce50964-b81f-4559-ae58-5cccf53b9b0c","","","","","IC,ICL7660,DIP8","INTERSIL","ICL7660","A0109","","","","","","ICL7660","DIP8","",""
"00e2418a-f3d7-4e91-aa47-cf1860672e56","","","","","IC,74HC10,DIP14,SMD","HARRIS","74HC10","A0098","","","","","","74HC10","DIP14","","SMD"
"b2bc290f-23d6-43f0-bd3b-6eaaea4ff25c","","","","","IC,LM339,DIP14","ST","LM339","A0100","","","","","","LM339","DIP14","",""
"2db9c22f-6550-4b9b-8604-666b5ed8e478","","","","","IC,78L05,TO92,TH","SAMSUNG","78L05","A0099","","","","","","78L05","TO92","","TH"
"795ba6f8-fb11-410f-8879-066cfa0ef9ac","","","","","IC,74LVX14MTR,SO14,SMD","ST","74LVX14MTR","A0169","","","","","","74LVX14MTR","SO14","","SMD"
"5e543765-1a5e-488c-af41-a33ee9cce455","","","","","IC,DAC0808,DIP16","NATIONAL SEMI","DAC0808","A0138","","","","","","DAC0808","DIP16","",""
"93104c2f-2080-4eee-b7ee-79c4bde8cec9","","","","","IC,LOGIC,COUNTER,BINARY/DECADE,UP/DOWN,CD4029,DIP16","RCA","CD4029","A0249","","","","","","CD4029","DIP16","LOGIC,COUNTER,BINARY/DECADE,UP/DOWN",""
"d2a7c6a0-bc49-4d23-abde-9bd86b1f5220","","","","","IC,LOGIC,DECODER 4:10,CD4028,DIP16","TI","CD4028","A0201","","","","","","CD4028","DIP16","LOGIC,DECODER 4:10",""
"bdb8aaa4-5cd4-4df6-ac9f-f70156814ab7","","","","","IC,74LS247,DIP16,TH","TI","74LS247","A0128","","","","","","74LS247","DIP16","","TH"
"ccded487-86fa-4db1-8898-9336d28e5656","","","","","IC,OPAMP,SINGLE,LF412CP,DIP8","TI","LF412CP","A0252","","","","","","LF412CP","DIP8","OPAMP,SINGLE",""
"25ae37a7-46a3-4941-aeb3-67e1da10e34d","","","","","IC,EEPROM,PARALLEL,X28C256,DIP28","XICOR","X28C256","A0233","","","","","","X28C256","DIP28","EEPROM,PARALLEL",""
"91ece1be-48c3-44d0-a373-65f16547a123","","","","","IC,LOGIC,DISPLAY DECODER LCD/LED,CD4543,DIP16","TI","CD4543","A0119","","","","","","CD4543","DIP16","LOGIC,DISPLAY DECODER LCD/LED",""
"a25906e0-b0d7-4a0f-a9d2-9936064e597f","","","","","IC,ICL7660,DIP8","INTERSIL","ICL7660","A0231","","","","","","ICL7660","DIP8","",""
"1f33b74d-cd81-4c9d-996c-8106f95f976d","","","","","IC,SN74LS247N,DIP16","TI","SN74LS247N","A0212, A0216","","","","","","SN74LS247N","DIP16","",""
"d4848226-288b-4908-919e-c8bcc1532891","","","","","IC,LOGIC,DECADE COUNTER,10-BIT,CD4017,DIP16","TI","CD4017","A0205","","","","","","CD4017","DIP16","LOGIC,DECADE COUNTER,10-BIT",""
"b6e5a31a-e07f-4186-86a9-c151d356e22f","","","","","IC,CD4067,DIP24","RCA","CD4067","A0223","","","","","","CD4067","DIP24","",""
"8d7350d3-0602-43dc-b8f4-3fe1129313cc","","","","","IC,VOLTAGE REFERENCE,1.2V,LM385-1.2,TO92","NATIONAL","LM385-1.2","A0242","","","24117","","","LM385-1.2","TO92","VOLTAGE REFERENCE,1.2V",""
"76bcd6a2-e034-40ff-89ae-64d86ea79b8f","","","","","IC,M24C32,SO8","ST","M24C32","A0181","","","","","","M24C32","SO8","",""
"46d15e42-c449-4070-88ec-1dfd9141d9f4","","","","","IC,M24C02,SO8","ST","M24C02","A0178","","","","","","M24C02","SO8","",""
"e8f44eb5-50c7-401d-8ce7-d89aa5ab214f","","","","","IC,LD1117,SOT223","ST","LD1117","A0166","","","","","","LD1117","SOT223","",""
"f985aaad-989d-40e1-aeff-b30026e3a6fb","","","","","IC,PCA9534,SO16W","NXP","PCA9534","A0171","","","","","","PCA9534","SO16W","",""
"a8af37d7-19d6-46cc-936c-b76bc06fd2fa","","","","","IC,REF102AU/2K5,SO8","LINEAR TECHNOLOGIES","REF102AU/2K5","A0188","","296-41381-1-ND","","","","REF102AU/2K5","SO8","",""
"7631f1f8-e711-40df-aa66-9272f8a4aca5","","","","","IC,LM337,TO220","TI","LM337","A0619","","","","","","LM337","TO220","",""
"b0271264-0158-495c-b506-143cdc9def60","","","","","IC,L7912,TO220","ST","L7912","A0586","","","","","","L7912","TO220","",""
"3fbbd748-764c-493a-a794-c700848e85d8","","","","","IC,7812C,ISO220,TH","JRC","7812C","A0616","","","","","","7812C","ISO220","","TH"
"84d72390-9cdc-41eb-a0c1-5cec46d26009","","","","","IC,LM337,TO220","ONSEMI","LM337","A0613","","","","","","LM337","TO220","",""
"1be958ec-816c-47eb-87fa-3b38142a509c","","","","","IC,VOLTAGE REGULATOR,POSITIVE,15V,LM7815,TO220","ON","LM7815","A0579","","","","","","LM7815","TO220","VOLTAGE REGULATOR,POSITIVE,15V",""
"a14d4cfd-62d9-4882-a209-116ce73ab9dd","","","","","IC,REGULATOR,LINEAR,NEGATIVE,5V,MC79M05,TO220","MOTOROLA","MC79M05","A0572","","","","","","MC79M05","TO220","REGULATOR,LINEAR,NEGATIVE,5V",""
"5ac4aa5c-5b6f-423b-ae18-0b9b039d2235","","","","","IC,VOLTAGE REGULATOR,POSITIVE,6V,LM7806,TO220","NATSEMI","LM7806","A0608","","","","","","LM7806","TO220","VOLTAGE REGULATOR,POSITIVE,6V",""
"cc4c8852-911f-47e6-b6d7-c5822acddec7","","","","","IC,REGULATOR,LINEAR,POSITIVE,7805,TO220,TH","MOTOROLA","MC7805","A0578","","","","","","7805","TO220","REGULATOR,LINEAR,POSITIVE","TH"
"3282a2e6-75fb-4cc8-8f02-24337734800d","","","","","IC,VOLTAGE REGULATOR,POSITIVE,12V,LM78M12,TO220","NATSEMI","LM78M12","A0610","","","","","","LM78M12","TO220","VOLTAGE REGULATOR,POSITIVE,12V",""
"01c2294e-9f32-49bc-9efa-4a329649aec1","","","","","IC,LM2940-5,TO220","NATSEMI","LM2940-5","A0609","","","","","","LM2940-5","TO220","",""
"916a07ad-242c-466e-953f-fa137694953d","","","","","IC,78M08,TO220,TH","FAIRCHILD","78M08","A0618","","","","","","78M08","TO220","","TH"
"6ce0f225-a9c2-4a94-8551-694bc2613283","","","","","IC,LM317,TO220","ST","LM317","A0617","","","","","","LM317","TO220","",""
"fd3c37f2-5d8b-4107-9db8-738d2f18a49f","","","","","IC,LM340T5,TO220","NATSEMI","LM340T5","A0615","","","","","","LM340T5","TO220","",""
"8f17c716-b44b-4843-a10a-6e43c8921b90","","","","","IC,MAX727,TO220-5","MAXIM","MAX727","A0621","","","","","","MAX727","TO220-5","",""
"d760f81f-a59b-4b64-817c-eb7e41a8fac1","","","","","IC,MAX660,DIP8","MAXIM","MAX660","A0601","","","","","","MAX660","DIP8","",""
"c2890ea3-42ad-49e4-8f5a-f9c6e719ee49","","","","","IC,COMPARATOR,DUAL,LM393,DIP8","ST","LM393","A0583","","","","","","LM393","DIP8","COMPARATOR,DUAL",""
"bc85bd4b-e429-4db8-ab52-6a592c9e55d4","","","","","IC,LM339,DIP14","NATSEMI","LM339","A0598","","","","","","LM339","DIP14","",""
"55f2772a-ddb6-4903-9343-c127e6ae3701","","","","","IC,MOC3010,DIP8","MOTOROLA","MOC3010","A0589","","","","","","MOC3010","DIP8","",""
"0c27a368-d863-4e58-bd6a-293a15092de3","","","","","IC,AK9201,DIP28","ASAHI KASEI","AK9201","A0576","","","","","","AK9201","DIP28","",""
"a3e3534d-406f-45e7-a1ae-075312c9d739","","","","","IC,LM723,DIP14","NATSEMI","LM723","A0599","","","","","","LM723","DIP14","",""
"cfd7c0f1-0fbd-40e4-ab6c-e2d59d7f3a96","","","","","IC,TDA8924,POWERSO24","NXP","TDA8924","A0602","","","","","","TDA8924","POWERSO24","",""
"495b2609-93a5-4c5f-93f7-a5e446025e96","","","","","IC,LM2925T,TO220-5","NATSEMI","LM2925T","A0595","","","","","","LM2925T","TO220-5","",""
"2f09fd5b-da8d-48b5-bde0-49815de0dad7","","","","","IC,REGULATOR,LINEAR,NEGATIVE,15V,MC7915,TO220","SAMSUNG","MC7915","A0605","","","","","","MC7915","TO220","REGULATOR,LINEAR,NEGATIVE,15V",""
"7dbb6ad9-e57c-4256-bcf6-ec546da6435f","","","","","IC,INTERFACE,IEEE488,TMS99C14,DIP40","TI","TMS99C14","A0372","","","","","","TMS99C14","DIP40","INTERFACE,IEEE488",""
"4c9a7dcf-a051-4749-beb4-cadb5a79a045","","","","","IC,EPM7256AQC208,TQFP208","ALTERA","EPM7256AQC208","A0371","","","","","","EPM7256AQC208","TQFP208","",""
"767517b1-ef57-41a7-af3f-ca7a46437cf4","","","","","IC,OPAMP,POWER,TO-3,PA19,TO3-8","APEX","PA19","A0377","","","","","","PA19","TO3-8","OPAMP,POWER,TO-3",""
"07cfb446-d932-4e40-beb3-d0f2226af482","","","","","IC,ELH0021CK,TO3-8","ELANTEC","ELH0021CK","A0375","","","","","","ELH0021CK","TO3-8","",""
"2746fe33-4f32-4aaf-98bd-73e4a012d0d6","","","","","IC,EL2008,TO3-8","ELANTEC","EL2008","A0376","","","","","","EL2008","TO3-8","",""
"e1b8e26d-86a8-406d-9865-8eafeca883be","","","","","IC,LH0021,TO3-8","NATIONAL","LH0021","A0378","","","","","","LH0021","TO3-8","",""
"4f718219-7f9d-49e1-9727-aaf804279d02","","","","","IC,MC74HC04,DIP14","MOTOROLA","MC74HC04","A0331","","","","","","MC74HC04","DIP14","",""
"87abc755-bb84-4e58-8a72-9c61933851c9","","","","","IC,SN74HC86,DIP14","TI","SN74HC86","A0329","","","","","","SN74HC86","DIP14","",""
"9eaf67a5-9f7c-439f-a48e-6557c6807d88","","","","","IC,LOGIC,QUAD NAND2,SN74HC00,DIP14","TI","SN74HC00","A0332","","","","","","SN74HC00","DIP14","LOGIC,QUAD NAND2",""
"a5f29e8f-89c8-473a-ad60-160885700a3a","","","","","IC,LOGIC,DUAL AND4,SN74HC21,DIP14","TI","SN74HC21","A0316","","","","","","SN74HC21","DIP14","LOGIC,DUAL AND4",""
"5122597d-65e7-4351-9244-5b221183150f","","","","","IC,MC14051,DIP16","MOTOROLA","MC14051","A0215","","","","","","MC14051","DIP16","",""
"4bbc66ae-3b9e-4f37-9b34-01d1d5753f36","","","","","IC,39SF020,PLCC3,SMD","SST","39SF020","A0365","","","","","","39SF020","PLCC3","","SMD"
"b6050f47-34d4-4e1c-b068-68b68d47f21f","","","","","IC,LM311P,DIP8","TI","LM311P","A0320","","","","","","LM311P","DIP8","",""
"f64240de-a6bc-49a1-924a-4d66783d996f","","","","","IC,LF411CP,DIP8","TI","LF411CP","A0323","","","","","","LF411CP","DIP8","",""
"e9aa09c7-253d-47f9-90af-53c19415ecf1","","","","","IC,LMD18201,PENTAWATT","NATIONAL","LMD18201","A0368","","","","","","LMD18201","PENTAWATT","",""
"70e08a3a-d5c9-4428-95e3-6d089c17087e","","","","","IC,L4931CZ33-AP,TO92","ST","L4931CZ33-AP","A0382","","","","","","L4931CZ33-AP","TO92","",""
"60d9bb76-c906-43f5-a685-30100bbd7d8b","","","","","IC,74LVCX4245,SO24W,SMD","FAIRCHILD","74LVCX4245","A0364","","","","","","74LVCX4245","SO24W","","SMD"
"3a01dfbe-595d-4318-86d3-6fe4912b33ef","","","","","IC,OPAMP,SINGLE,LM741,DIP8","TI","LM741","A0325","","","","","","LM741","DIP8","OPAMP,SINGLE",""
"dd74c2db-fc8b-46b1-afec-496fd73386c6","","","","","IC,CD74HC393,DIP14","HARRIS","CD74HC393","A0312","","","","","","CD74HC393","DIP14","",""
"363da630-a509-4497-a4a2-99b14cfd5367","","","","","IC,FPGA,AP1C3T144C8,TQFP144","ALTERA","AP1C3T144C8","A0366","","","","","","AP1C3T144C8","TQFP144","FPGA",""
"88a66b9b-69cb-45c7-95ff-f24cf8299128","","","","","IC,29LE010,PLCC32,SMD","SST","29LE010","A0373","","","","","","29LE010","PLCC32","","SMD"
"260d4e72-a828-45d3-911f-af58681c780d","","","","","IC,EPC2C35F484,BGA484","ALTERA","EPC2C35F484","A0370","","","","","","EPC2C35F484","BGA484","",""
"1afeaf23-d23c-4293-bb25-5da190ae6482","","","","","IC,OPAMP,DUAL,NE5532,SO8W","TI","NE5532","A0367","","","","","","NE5532","SO8W","OPAMP,DUAL",""
"2c20d264-b3de-454d-9756-e46e744d7c41","","","","","IC,LTC1150CN8,DIP8","LINEAR","LTC1150CN8","A0137","","","","","","LTC1150CN8","DIP8","",""
"7276e57a-ed25-48b9-afaa-2a37084726ad","","","","","IC,TC7650CPD,DIP14","MICROCHIP","TC7650CPD","A0133","","","","","","TC7650CPD","DIP14","",""
"4f3756b6-7b10-4cfe-bab6-65c784a1f20a","","","","","IC,LM4562,SO8","NATIONAL","LM4562","A0279","","","","","","LM4562","SO8","",""
"202632c5-2ec2-403d-9997-a48b8e024957","","","","","IC,CD74HC74,DIP14","TI","CD74HC74","A0302","","","","","","CD74HC74","DIP14","",""
"d05fd7c8-7d8e-46eb-9a8a-d65a41a5cec8","","","","","IC,LOGIC,QUAD AND2,SN74HC08,DIP14","TI","SN74HC08","A0303","","","","","","SN74HC08","DIP14","LOGIC,QUAD AND2",""
"d6ef5a25-275e-44b1-8317-1765d1ede54e","","","","","IC,PCA9555,TSSOP","NXP","PCA9555","A0273","","","","","","PCA9555","TSSOP","",""
"9fb0c72e-7bdf-43c1-8681-5c4bf3eb3ed9","","","","","IC,LM73,SOT23-6","TI","LM73","A0267","","","","","","LM73","SOT23-6","",""
"577117e6-fcc4-4525-8c4b-893a30591c86","","","","","IC,HM62256,SO28W","HITACHO","HM62256","A0261","","","","","","HM62256","SO28W","",""
"2e625e3c-8faa-4277-b907-ac05fdb7658e","","","","","IC,LM1496,DIP14","NATIONAL","LM1496","A0269","","","","","","LM1496","DIP14","",""
"badd4b2c-89f0-4420-8244-21e372f0b430","","","","","IC,SN74HC574,DIP20","TI","SN74HC574","A0301","","","","","","SN74HC574","DIP20","",""
"3a5e05fb-0aa3-4d13-a56f-399aecdd57ac","","","","","IC,LOGIC,COUNTER 4BIT UP-DOWN,SN74HC193,DIP16","TI","SN74HC193","A0304","","","","","","SN74HC193","DIP16","LOGIC,COUNTER 4BIT UP-DOWN",""
"608b5e8d-9529-4956-be93-5c104f1959ca","","","","","IC,LOGIC,QUAD NOR2,CD4001,DIP14","TI","CD4001","A0313","","","","","","CD4001","DIP14","LOGIC,QUAD NOR2",""
"b8987de8-f6b4-4513-abd0-204799ea66aa","","","","","IC,LTC1050CN,DIP14","LINEAR","LTC1050CN","A0295","","","","","","LTC1050CN","DIP14","",""
"023659c7-b20a-4125-a3a4-be96551abe81","","","","","IC,LOGIC,TRIPLE AND3,SN74HC11,DIP14","TI","SN74HC11","A0314","","","","","","SN74HC11","DIP14","LOGIC,TRIPLE AND3",""
"34a2ecb6-565b-4157-af0c-d36a7b523d84","","","","","IC,LOGIC,DUAL NAND2,CD4012,DIP14","HARRIS","CD4012","A0306","","","","","","CD4012","DIP14","LOGIC,DUAL NAND2",""
"b3bb71d7-9701-4e88-b76c-f4ce5414118b","","","","","IC,LT1366,SO8","LINEAR","LT1366","A0265","","","","","","LT1366","SO8","",""
"9f786e41-45d0-4dde-90ab-4c9c726a5c87","","","","","IC,LOGIC,HEX SCHMITTRIGGER NOT,SN74HC14,DIP14","TI","SN74HC14","A0309","","","","","","SN74HC14","DIP14","LOGIC,HEX SCHMITTRIGGER NOT",""
"8b95a938-54fa-4ec7-bb62-ef5976e81c72","","","","","IC,LT1004CZ-1.2,TO92","LINEAR","LT1004CZ-1.2","A0298","","","","","","LT1004CZ-1.2","TO92","",""
"8782b697-f0cf-4b72-ae3e-cde2ac477609","","","","","IC,MT5C1008,SOJ","MICRON","MT5C1008","A0271","","","","","","MT5C1008","SOJ","",""
"8d8e84fe-85d6-476c-a370-5312a19d5bb5","","","","","IC,LOGIC,QUAD NOR2,SN74HC02,DIP14","TI","SN74HC02","A0289","","","","","","SN74HC02","DIP14","LOGIC,QUAD NOR2",""
"b722994d-1a59-42b1-9eff-6b679b90f7d0","","","","","IC,SN74LS20,DIP14","TI","SN74LS20","A0307","","","","","","SN74LS20","DIP14","",""
"fde67ea4-00c6-4dfb-8e22-49c980ad2703","","","","","IC,LOGIC,QUAD OR2,SN74HC32,DIP14","TI","SN74HC32","A0308","","","","","","SN74HC32","DIP14","LOGIC,QUAD OR2",""
"e5819fda-0aa8-4486-9503-33a86283c509","","","","","IC,LOGIC,DUAL DECODER 2-4,SN74HC139,DIP16","TOSHIBA","SN74HC139","A0315","","","","","","SN74HC139","DIP16","LOGIC,DUAL DECODER 2-4",""
"98ba1723-7643-4342-b69f-7a9cc5ec8cc7","","","","","IC,LOGIC,DECODER 3-8,SN74HC138,DIP16","TI","SN74HC138","A0305","","","","","","SN74HC138","DIP16","LOGIC,DECODER 3-8",""
"8b0cc425-4a56-40a3-bfa9-6c94f3116a35","","","","","IC,LOGIC,ANALOG MUX 1:4,DUAL,CD4052,DIP16","TI","CD4052","A0311","","","","","","CD4052","DIP16","LOGIC,ANALOG MUX 1:4,DUAL",""
"73a62207-b737-4db1-8a1d-6087c1cfa22f","","","","","IC,M74HC573,DIP20","ST","M74HC573","A0310","","","","","","M74HC573","DIP20","",""
"a28ce9a4-fb16-453e-adf4-de828bd7c7c3","","","","","IC,OPAMP,DUAL,LM358,SO8","","LM358","A0264, R582","","","","","","LM358","SO8","OPAMP,DUAL",""
"2e2166a1-2215-484f-878c-73479ca1cc78","","","","","IC,MAX1771EPA,DIP8","","MAX1771EPA","A0260","","","","","","MAX1771EPA","DIP8","",""
"1daa2eae-6514-44f7-9543-b21ae48376ef","","","","","IC,KM48C2100,SOJ","SAMSUNG","KM48C2100","A0262","","","","","","KM48C2100","SOJ","",""
"b2c8d8a3-46f5-4466-9e61-1fe59fb741da","","","","","IC,MICROCONTROLLER,8-BIT,ATMEGA2560","","ATMEGA2560","A0276","","","","","","ATMEGA2560","","MICROCONTROLLER,8-BIT",""
"4a6d4c1b-e4a5-437b-8d3a-ef9ec10558ae","","","","","IC,AM27C2048,DIP40UV","","AM27C2048","A0668","","","","","","AM27C2048","DIP40UV","",""
"6b77ca61-ead5-4138-895e-1880c7031952","","","","","IC,I2C,EEPROM,AT24C16,DIP8","","AT24C16","A0634","","","","","","AT24C16","DIP8","I2C,EEPROM",""
"59156f58-230d-4987-88cf-76c5a3f0d405","","","","","IC,24C16,DIP8,TH","NATIONAL","24C16","A0641","","","","","","24C16","DIP8","","TH"
"4cd575b3-a2e3-4188-bc06-580e443e2118","","","","","IC,REGULATOR,LINEAR,NEGATIVE,8V,MC7908,TO220","","MC7908","A0653","","","","","","MC7908","TO220","REGULATOR,LINEAR,NEGATIVE,8V",""
"926e1e25-5d11-438c-a1b7-49cf045f949a","","","","","IC,LM337LZ,TO92","","LM337LZ","A0667","","","","","","LM337LZ","TO92","",""
"1a2e58f6-bd2a-40aa-a185-95fd0602cb06","","","","","IC,PCA5555,TSSOP","","PCA5555","R609","","","","","","PCA5555","TSSOP","",""
"5c5b604d-566d-4a89-bc42-14cf1d7143b8","","","","","IC,LF18CDT,DPAK","","LF18CDT","R610","","","","","","LF18CDT","DPAK","",""
"d62af787-0716-4405-b88f-55f7f9a4fa48","","","","","IC,FT232RL","","FT232RL","R617","","","","","","FT232RL","","",""
"9438d10a-bfdc-47ab-bc40-71e889b086e2","","","","","IC,74AHCT594,TSSOP,SMD","","74AHCT594","R621","","","","","","74AHCT594","TSSOP","","SMD"
"af90d040-958b-4d24-a34f-08da840de485","","","","","IC,74V1G125,SOT25,SMD","","74V1G125","R626","","","","","","74V1G125","SOT25","","SMD"
"b21a3450-cf43-4281-ba33-c3c58124d6b0","","","","","IC,24LC128,SO8,SMD","","24LC128","R637","","","","","","24LC128","SO8","","SMD"
"5d74f693-94a3-45c0-9a38-031993c1bd57","","","","","IC,TPS62110,QFN","","TPS62110","R629","","","","","","TPS62110","QFN","",""
"7dc26d57-3a95-4299-8ae9-404aeb5b4945","","","","","IC,TEA6425,SO","","TEA6425","R638","","","","","","TEA6425","SO","",""
"e347ceb4-fc86-40e3-b597-dfd1f40f784f","","","","","IC,FT4232HL,TQF","","FT4232HL","R632","","","","","","FT4232HL","TQF","",""
"8a504531-a07d-4bfa-a0a2-292b7872be07","","","","","IC,IL207AT","","IL207AT","R618","","","","","","IL207AT","","",""
"7ef631ec-04a8-48a5-994d-f00dc5fe5d9f","","","","","IC,MEMORY,PARALLEL,FLASH,AT42QT2160,QFN","","AT42QT2160","R627","","","","","","AT42QT2160","QFN","MEMORY,PARALLEL,FLASH",""
"72643602-4a1e-4bac-9e39-9628a7c9d8f4","","","","","IC,AD706,SO8,SMD","","AD706","R633, R608","","","","","","AD706","SO8","","SMD"
"fee2504b-77c2-420f-b536-a381034e96da","","","","","IC,SPV1040,TSSOP8","","SPV1040","R640","","","","","","SPV1040","TSSOP8","",""
"2456db2b-1de0-460d-8860-68db57630079","","","","","IC,ADG409BR,SO","","ADG409BR","R635","","","","","","ADG409BR","SO","",""
"5e313a5a-e663-4790-a38f-5e6cc39651f8","","","","","IC,ACPL247-500,SO,SMD","","ACPL247-500","R636","","","","","","ACPL247-500","SO","","SMD"
"44348291-3fc2-403f-b55d-ca40287efad3","","","","","IC,LOGIC,SINGLEGATE,AND2,74V1G08STR,SMD","ST","74V1G08STR","R677","","","","","","74V1G08STR","","LOGIC,SINGLEGATE,AND2","SMD"
"a13167bf-b329-4d5f-9277-f96f8245a330","","","","","IC,LOGIC,HEX INVERTER,SCHMITTTRIGGER,74HC14,SO14,SMD","","74HC14","R681","","","","","","74HC14","SO14","LOGIC,HEX INVERTER,SCHMITTTRIGGER","SMD"
"65c922b3-24a5-48ba-a2b5-aaa726862d7e","","","","","IC,LM4510SD","","LM4510SD","R685","","","","","","LM4510SD","","",""
"54e9adb3-e889-4704-9d79-c284be4ee918","","","","","IC,BZX84C5V1LT1","","BZX84C5V1LT1","R689","","","","","","BZX84C5V1LT1","","",""
"c2816e8b-86d1-4784-8b3e-481f779a99ae","","","","","IC,ST3222","","ST3222","R693","","","","","","ST3222","","",""
"fe253e5f-070a-4706-b1e9-fc5273444aa0","","","","","IC,I2C,EEPROM,CAT24C32WI-6T3","","CAT24C32WI-6T3","R697","","","","","","CAT24C32WI-6T3","","I2C,EEPROM",""
"e5a4ae76-de2d-432b-886f-52441d805e0f","","","","","IC,AD705JR,SO8,SMD","","AD705JR","R674","","","","","","AD705JR","SO8","","SMD"
"79db9b76-34b5-4517-a0a6-c64b8f589c91","","","","","IC,I2C,LED DRIVER,SAA1064,SO","","SAA1064","R698","","","","","","SAA1064","SO","I2C,LED DRIVER",""
"a0c89577-d8d4-46bc-bb4f-183ad7eb7272","","","","","IC,74V283,TQFP,SMD","TI","74V283","R702","","","","","","74V283","TQFP","","SMD"
"d7cd9f92-cd30-4258-a981-fed10ff20576","","","","","IC,LOGIC,SINGLEGATE,NOR2,74V1G02STR,SMD","","74V1G02STR","R675","","","","","","74V1G02STR","","LOGIC,SINGLEGATE,NOR2","SMD"
"a6d6c248-c31f-4a67-9ab0-cd7c6901b23c","","","","","IC,STCF02PNR","","STCF02PNR","R691","","","","","","STCF02PNR","","",""
"b91d93e3-34e1-418a-8cdb-6e89a0876911","","","","","IC,SN74LVC244APWR","","SN74LVC244APWR","R695","","","","","","SN74LVC244APWR","","",""
"95a54b8d-599c-4948-9d0a-c2bde8668fce","","","","","IC,M24128-BRMN6TP","","M24128-BRMN6TP","R669","","","","","","M24128-BRMN6TP","","",""
"ce0d53bc-c51c-4299-98dc-e1f7cb310905","","","","","IC,MM5450YV","","MM5450YV","R703","","","","","","MM5450YV","","",""
"427154d8-d982-4024-9a39-ca5cad5b7e86","","","","","IC,PCA9554,SO","","PCA9554","R676","","","","","","PCA9554","SO","",""
"a31b1180-b927-4ce4-b5d8-f7b7aae8bcae","","","","","IC,MAX4212EUK+TCT","","MAX4212EUK+TCT","R696","","","","","","MAX4212EUK+TCT","","",""
"d5bd6db7-2e87-4ee0-bfed-bbf88268c586","","","","","IC,AD9850","","AD9850","R709","","","","","","AD9850","","",""
"2ae0cfe5-a376-480a-9d39-eb78adfcef64","","","","","IC,LOGIC,QUAD,NAND2,74LCX00,SMD","","74LCX00","R717","","","","","","74LCX00","","LOGIC,QUAD,NAND2","SMD"
"35fcbbfe-69fd-46bc-abb3-a96c251d9b20","","","","","IC,M25P80-VMW6","","M25P80-VMW6","R725","","","","","","M25P80-VMW6","","",""
"35c8e2da-e4fb-4786-8c63-6dca5964131f","","","","","IC,MEMORY,PARALLEL,FLASH,AT42QT1070","","AT42QT1070","R711","","","","","","AT42QT1070","","MEMORY,PARALLEL,FLASH",""
"87399758-4e8a-45b1-a0cc-3799895c5682","","","","","IC,MAX809LEUR","","MAX809LEUR","R712","","","","","","MAX809LEUR","","",""
"5b8e929c-3055-4a3e-990e-05a166043979","","","","","IC,GP2S+","MINI CIRCUITS","GP2S+","R715","","","","","","GP2S+","","",""
"b32a75c8-9857-463b-9298-cc3ed150777d","","","","","IC,MAX3421","","MAX3421","R719","","","","","","MAX3421","","",""
"cf289b56-9766-4a11-a9ec-964fd33ff203","","","","","IC,BU2505FV-E2CT","","BU2505FV-E2CT","R720","","","","","","BU2505FV-E2CT","","",""
"2160b3d0-0095-4d1f-9f7d-508b35a1524d","","","","","IC,MB510PF","FUJITSU","MB510PF","R721","","","","","","MB510PF","","",""
"43a60d35-579a-491b-af0d-6394a9db83d7","","","","","IC,LT1058SW","","LT1058SW","R722","","","","","","LT1058SW","","",""
"880759da-0c54-4ee5-8807-efae2cf4ed6d","","","","","IC,AD5680BRJZ-REEL7,SMD","","AD5680BRJZ-REEL7","R723","","","","","","AD5680BRJZ-REEL7","","","SMD"
"7554b0f8-a740-4a77-9e1a-c49ffa5f0bc2","","","","","IC,PACSZ1284-02QR","","PACSZ1284-02QR","R724","","","","","","PACSZ1284-02QR","","",""
"b01cc673-85cf-44e1-ae85-20b3b16cfa16","","","","","IC,HMC5883L","HONEYWELL","HMC5883L","R726","","","","","","HMC5883L","","",""
"f717fb9f-be19-48d2-bda7-728b0f534acf","","","","","IC,LM555,SO8","","LM555","R588","","","","","","LM555","SO8","",""
"659c4733-e4dc-4ab9-b8a9-69b2a919f256","","","","","IC,CY62256-55,SO28,SMD","","CY62256-55","R595","","","","","","CY62256-55","SO28","","SMD"
"43a94432-cc47-4872-ba0b-d11f18e144e9","","","","","IC,ADUM2250","","ADUM2250","R599","","","","","","ADUM2250","","",""
"0ab2051e-6f62-45e0-82ad-fce8627d42ea","","","","","IC,PR36MF22","","PR36MF22","R585","","","","","","PR36MF22","","",""
"0dc8bcc3-dd13-4eed-832b-14f6027a778f","","","","","IC,LM324,SO14","","LM324","R583","","","","","","LM324","SO14","",""
"ee103b98-25f3-42ab-b501-063858456fd0","","","","","IC,LT1085CM-3.3,D2PAK","","LT1085CM-3.3","R597","","","","","","LT1085CM-3.3","D2PAK","",""
"54455b6d-3d1c-4c4b-b4c1-20837beeba8c","","","","","IC,74LVC4245,SO,SMD","","74LVC4245","R578","","","","","","74LVC4245","SO","","SMD"
"40687fd8-c461-4088-b9fc-97a845440f49","","","","","IC,INA196AI,SOT","","INA196AI","R581","","","","","","INA196AI","SOT","",""
"eb9dad48-e335-4024-9ad7-05d4b6eaffb0","","","","","IC,MX7226,SO","MAXIM","MX7226","R587","","","","","","MX7226","SO","",""
"5bceec71-a7ef-4e08-859e-a51a8983b682","","","","","IC,TUSB3410","","TUSB3410","R580","","","","","","TUSB3410","","",""
"fd8eb6df-8dec-4deb-b34e-111c91fb5a1e","","","","","IC,LM4040D20","","LM4040D20","R584","","","","","","LM4040D20","","",""
"7ee16f65-4f4b-4226-a204-8c6f9e8b5d39","","","","","IC,MAX1619,SSOP","","MAX1619","R602","","","","","","MAX1619","SSOP","",""
"4616aa83-0c84-4a8f-85ef-4c94303e9f89","","","","","IC,USB2514B","","USB2514B","R577","","","","","","USB2514B","","",""
"6bdae3f4-9056-49dd-b350-347c91cb1bc2","","","","","IC,ADC121S021","","ADC121S021","R593","","","","","","ADC121S021","","",""
"6dac3363-7e61-4172-84d4-e5ddcd781b6d","","","","","IC,LM339,SO14","","LM339","R607","","","","","","LM339","SO14","",""
"ffe278b6-70ad-4e55-a0a5-ad874de255d1","","","","","IC,74HC148,SO16,SMD","FAIRCHILD","74HC148","R554","","","","","","74HC148","SO16","","SMD"
"18dfcf1f-f921-4dca-8239-723b5c4250a8","","","","","IC,MAX496,SO","","MAX496","R555","","","","","","MAX496","SO","",""
"f1e70cdc-c48c-40ae-b1a9-7183b4ca24cc","","","","","IC,LOGIC,DECODER,3:8,74HC138,SO16,SMD","ST","74HC138","R556, R576","","","","","","74HC138","SO16","LOGIC,DECODER,3:8","SMD"
"77d33171-bafd-4f9b-9123-3464a5695fa9","","","","","IC,LOGIC,HEX,NOT,74HC04,SO14,SMD","ST","74HC04","R557","","","","","","74HC04","SO14","LOGIC,HEX,NOT","SMD"
"71abef2b-157a-4da7-b01e-ea88428f405e","","","","","IC,74HC08,SMD","ST","74HC08","R558","","","","","","74HC08","","","SMD"
"2fe12ff7-61ff-47b9-8d78-52c0268e7f04","","","","","IC,LOGIC,QUAD,NAND2,74HCT00,SMD","NXP","74HCT00","R559","","","","","","74HCT00","","LOGIC,QUAD,NAND2","SMD"
"a5728ebc-6d38-443e-a031-f01d5a9ba35a","","","","","IC,LOGIC,QUAD,NAND2,74HC00,SMD","ST","74HC00","R560","","","","","","74HC00","","LOGIC,QUAD,NAND2","SMD"
"faee9a4b-c8e8-4d19-882d-46b3133f3b0d","","","","","IC,DISPLAY DRIVER,BARGRAPH,LM3914,DIP","NATIONAL","LM3914","R561","","","","","","LM3914","DIP","DISPLAY DRIVER,BARGRAPH",""
"f2f23e1c-cc1a-4fa8-8ed2-cef1dbaa6ac5","","","","","IC,CA5010LT","CALOGIC","CA5010LT","R562","","","","","","CA5010LT","","",""
"8a7562bf-d701-45f3-85a1-f0d5114d3c3f","","","","","IC,LOGIC,D-FLIPFLOP,DUAL,74HC74,SMD","ST","74HC74","R563","","","","","","74HC74","","LOGIC,D-FLIPFLOP,DUAL","SMD"
"3fd29335-1a4d-4c00-acd3-c61d06de9e01","","","","","IC,74HC32,SMD","ST","74HC32","R564","","","","","","74HC32","","","SMD"
"816a7ebc-00a1-4cf5-b23c-9f675eac3bc7","","","","","IC,ADG409","","ADG409","R565","","","","","","ADG409","","",""
"9c62b457-0fe5-4787-9be2-434f8c62ace3","","","","","IC,MAX509,SOW","","MAX509","R566","","","","","","MAX509","SOW","",""
"337caef6-cd21-4211-8855-a821913aa2c9","","","","","IC,LOGIC,QUAD,NAND2,74LV00,SMD","PHILIPS","74LV00","R567","","","","","","74LV00","","LOGIC,QUAD,NAND2","SMD"
"e4ed35ea-f271-43de-baa2-5383ffbb214b","","","","","IC,DRIVER,DARLINGTON 8CH,ULN2803,SO18W","TOSHIBA","ULN2803","R568","","","","","","ULN2803","SO18W","DRIVER,DARLINGTON 8CH",""
"90db010b-bf7c-4c85-93d1-3f743e9113a4","","","","","IC,LOGIC,LATCH*8,74HC373,SO20W,SMD","TI","74HC373","R569","","","","","","74HC373","SO20W","LOGIC,LATCH*8","SMD"
"157a322b-3446-4c8d-84d0-fac6de6eb574","","","","","IC,74HCT244,SO20W,SMD","TI","74HCT244","R570","","","","","","74HCT244","SO20W","","SMD"
"9e2dcef4-2555-49bc-8fbe-c1a709d40afa","","","","","IC,LOGIC,D-FLIPFLOP*8,74HC574,SO20W,SMD","ST","74HC574","R571","","","","","","74HC574","SO20W","LOGIC,D-FLIPFLOP*8","SMD"
"82ade776-02db-4777-a5ce-ddd7687cfa50","","","","","IC,LOGIC,LATCH*8,74HC573,SO20W,SMD","ST","74HC573","R572","","","","","","74HC573","SO20W","LOGIC,LATCH*8","SMD"
"604e1ba0-a0be-481e-b371-df0c7e3b92d0","","","","","IC,AMPLIFIER,AUDIO,LM386,DIP8","NATSEMI","LM386","R573","","","","","","LM386","DIP8","AMPLIFIER,AUDIO",""
"1ceb3649-f22f-47db-9803-2eca879fe9d0","","","","","IC,PCM2707","","PCM2707","R575","","","","","","PCM2707","","",""
"a2448f52-949d-4717-a690-b39a524da65b","","","","","IC,MISC PARTS","HP","MISC PARTS","A0505","","","","","","MISC PARTS","","",""
"e41dc93b-819b-443a-94aa-7fc73116333a","","","","","IC,LF33CDT,DPAK","ST","LF33CDT","A0434","","","","","","LF33CDT","DPAK","",""
"9deddab3-faaf-45c1-b5ec-3e773b0aec12","","","","","IC,VOLTAGE REFERENCE,2.5V,LM385-BZ-2.5,TO92","NATIONAL","LM385-BZ-2.5","A0454","","","","","","LM385-BZ-2.5","TO92","VOLTAGE REFERENCE,2.5V",""
"94e6b5b3-6c7f-4cbb-8117-131821c68cc8","","","","","IC,VOLTAGE REFERENCE,1.2V,LM385Z-1.2,TO92","NATIONAL","LM385Z-1.2","A0468","","","","","","LM385Z-1.2","TO92","VOLTAGE REFERENCE,1.2V",""
"0a9d49ec-0485-4dfd-bc71-f97acf783dfb","","","","","IC,ICL7611,DIP8","INTERSIL","ICL7611","A0437","","","","","","ICL7611","DIP8","",""
"80ae25d8-b0fe-42af-ba73-c3689a3e4320","","","","","IC,HY62256,DIP28","HYUNDAI","HY62256","A0448","","","","","","HY62256","DIP28","",""
"d2e838d9-9966-4613-9ff2-bd78758dbb0a","","","","","IC,SAM021,MODULE","ROBOTDYNE","SAM021","A0461","","","","","","SAM021","MODULE","",""
"b46dbf84-e177-4360-8432-b9bd6b497be2","","","","","IC,M48T35,DIP28","ST","M48T35","A0498","","","","","","M48T35","DIP28","",""
"c7fc0cc9-aaeb-4f25-aa0f-ad6a58d9ffcd","","","","","IC,27C256,CER28,TH","NATIONAL","27C256","A0483","","","","","","27C256","CER28","","TH"
"517a3513-f64d-4e64-88a3-266fb917e3a3","","","","","IC,OPAMP,QUAD,TL084,SO14","TI","TL084","R741","","","","","","TL084","SO14","OPAMP,QUAD",""
"7b217e71-23be-4af5-8fe5-0387256ec060","","","","","IC,LOGIC,HEX SCHMITTRIGGER NOT,SN74HC14DR,SO14","TI","SN74HC14DR","R768","","","","","","SN74HC14DR","SO14","LOGIC,HEX SCHMITTRIGGER NOT",""
"ba381214-0c73-4fb5-98be-29074b36edc3","","","","","IC,MCP73833-FCI","MICROCHIP","MCP73833-FCI","R765","","","","","","MCP73833-FCI","","",""
"121b5540-c42f-4348-afe0-88e999504b2b","","","","","IC,PCA9553,SO8","NXP","PCA9553","R759","","","","","","PCA9553","SO8","",""
"357e1cf8-cc98-4331-8e6a-7e8d6c5586e7","","","","","IC,TPS2115ADRBR","TI","TPS2115ADRBR","R748","","","","","","TPS2115ADRBR","","",""
"281dbb3c-ea38-43c5-9238-862b3dd465c7","","","","","IC,MIC23201","MICRFEL","MIC23201","R750","","","","","","MIC23201","","",""
"89d67a19-39c6-4956-9eec-c6019d1d747c","","","","","IC,MCP1501T-20E/CHY","MICROCHIP","MCP1501T-20E/CHY","R755","","","","","","MCP1501T-20E/CHY","","",""
"1ce21fae-aded-4a6d-9b39-de6a6470be16","","","","","IC,MCP4725A2T","MICROCHIP","MCP4725A2T","R769","","","","","","MCP4725A2T","","",""
"0f4c133b-74f0-401e-ba8d-70d0b353b6bc","","","","","IC,74HC14S14-13,SO14,SMD","TI","74HC14S14-13","R794","","","","","","74HC14S14-13","SO14","","SMD"
"f9c7981e-515c-47d4-8d40-7a416419ffcc","","","","","IC,AP1509-50SG-13","","AP1509-50SG-13","R795","","","","","","AP1509-50SG-13","","",""
"ea9f9ba7-fffb-434e-8c4c-ae464e476546","","","","","IC,REG-ADJ-SWITCH,MODULE","","REG-ADJ-SWITCH","A0492","","","","","","REG-ADJ-SWITCH","MODULE","",""
"170a7999-69be-4e48-8d9e-87b71576734c","","","","","IC,74HC221,DIP16,TH","TOSHIBA","74HC221","A0543, A0541","","","","","","74HC221","DIP16","","TH"
"3bfd15d4-ac81-4385-a15f-e05d0c0e3b3c","","","","","IC,TS954,DIP14,TH","ST","TS954","A0536","","","","","","TS954","DIP14","","TH"
"72efe065-e9d0-4a30-8dfc-d36358f82df8","","","","","IC,TS904,DIP16,TH","ST","TS904","A0534","","","","","","TS904","DIP16","","TH"
"85c8fd37-a55b-4960-ac1f-f8dec9cdb60f","","","","","IC,TS952,DIP16,TH","ST","TS952","A0532","","","","","","TS952","DIP16","","TH"
"e56dfda2-63a5-42f1-9697-82194f274131","","","","","IC,TS914,DIP14,TH","ST","TS914","A0535","","","","","","TS914","DIP14","","TH"
"2a4c4ad6-e73f-43a0-8580-2e44bd75b79e","","","","","IC,TS464,DIP14,TH","ST","TS464","A0537","","","","","","TS464","DIP14","","TH"
"84eb7cef-ad10-4d4c-82e8-72972ed9b318","","","","","IC,TS924,DIP14,TH","ST","TS924","A0538","","","","","","TS924","DIP14","","TH"
"04d2bd53-174e-4675-8139-6940b0584afa","","","","","IC,TS902,DIP14,TH","ST","TS902","A0539","","","","","","TS902","DIP14","","TH"
"7a72667f-0b97-4ad1-9849-b6010bfa5d81","","","","","IC,REGULATOR,LINEAR,NEGATIVE,8V,MC7908,TO220,TH","","MC7908","A0518","","","","","","MC7908","TO220","REGULATOR,LINEAR,NEGATIVE,8V","TH"
"b94f227c-f0a4-411f-a7b0-00001920f6c0","","","","","IC,LT1084,TO247,TH","","LT1084","A0512","","","","","","LT1084","TO247","","TH"
"1fd52bdc-4701-4f54-9933-a90b162e2c63","","","","","IC,NE5539,DIP14,TH","","NE5539","A0540","","","","","","NE5539","DIP14","","TH"
"e5ee9fe0-2845-4305-adef-c21a51cc8897","","","","","IC,CD74AC541,DIP20,TH","","CD74AC541","A0542","","","","","","CD74AC541","DIP20","","TH"
"e905b54d-f358-416f-9245-35b70f369037","","","","","IC,TS974,DIP14,TH","","TS974","A0533","","","","","","TS974","DIP14","","TH"
"e6a818de-ea83-45cd-9087-c859e8738ce2","","","","","IC,DISPLAY DRIVER,BARGRAPH,LM3914,DIP18,TH","NATSEMI","LM3914","A0529","","","","","","LM3914","DIP18","DISPLAY DRIVER,BARGRAPH","TH"
"077dfc8d-9b8e-405a-9ea1-e0e3f548ab4b","","","","","IC,LM614,DIP16,TH","NATSEMI","LM614","A0530","","","","","","LM614","DIP16","","TH"
"0ee42628-736e-4d9c-927b-69522be12bf1","","","","","IC,LM2931-ADJ,TO220-5,TH","NATSEMI","LM2931-ADJ","A0470","","","","","","LM2931-ADJ","TO220-5","","TH"
"857b1082-3697-4f3e-8ee6-b4fdf55200fe","","","","","IC,LM336Z-2.5,TO92,TH","NATSEMI","LM336Z-2.5","A0433","","","","","","LM336Z-2.5","TO92","","TH"
"552fd03b-3559-4025-bf9a-07f15a34bc07","","","","","IC,LM336Z-5.0,TO92,TH","NATSEMI","LM336Z-5.0","A0494","","","","","","LM336Z-5.0","TO92","","TH"
"29d6f099-adcc-4c46-abf0-d8653b45cdaa","","","","","IC,LM334,TO92,TH","NATSEMI","LM334","A0450","","","","","","LM334","TO92","","TH"
"de33a274-f92b-45b3-8949-0032c56e39e6","","","","","IC,LF351,DIP8,TH","ST","LF351","A0474","","","","","","LF351","DIP8","","TH"
"48f55525-96e0-48bd-9765-c389b10e969c","","","","","IC,OPAMP,SINGLE,BIMOS,CA3130,DIP8,TH","HARRIS","CA3130","A0460","","","","","","CA3130","DIP8","OPAMP,SINGLE,BIMOS","TH"
"8a2cb50c-bc7e-48cd-a8d3-ec73aece7150","","","","","IC,OPAMP,SINGLE,BIMOS,CA3140,DIP8,TH","HARRIS","CA3140","A0489","","","","","","CA3140","DIP8","OPAMP,SINGLE,BIMOS","TH"
"0ef5bf5e-f934-4199-ad4d-96b064cd1e23","","","","","IC,TIMING,TIMER,NE555P,DIP8,TH","TI","NE555P","A0496","","","","","","NE555P","DIP8","TIMING,TIMER","TH"
"481bcb9c-3904-4513-8bcb-c118378752df","","","","","IC,LF411,DIP8,TH","NATSEMI","LF411","A0482","","","","","","LF411","DIP8","","TH"
"4436ecd0-358a-47db-9680-a33565678461","","","","","IC,LM723,DIP14,TH","INTERSIL","LM723","A0525","","","","","","LM723","DIP14","","TH"
"168d5637-634b-4b1c-a0e3-0f445275c4aa","","","","","IC,AMPLIFIER,AUDIO,LM386,DIP8,TH","NATSEMI","LM386","A0531","","","","","","LM386","DIP8","AMPLIFIER,AUDIO","TH"
"ecaf5ac9-c236-4bcc-bf3c-60923308e876","","","","","IC,NEO-6M-0-001,MODULE BOARD UART","UBLOX","NEO-6M-0-001","A0401","","","","","","NEO-6M-0-001","MODULE BOARD UART","",""
"559e7343-207e-41b7-b3dd-1a3ea6947324","","","","","IC,NEO-6M-0-001,MODULE-BOARD SMALL UART PPS","","NEO-6M-0-001","A0401","","","","","","NEO-6M-0-001","MODULE-BOARD SMALL UART PPS","",""
"b5ad9984-afb3-4d9e-81c1-275d4f85560e","","","","","IC,NEO-6M-0-001,MODULE BOARD UART PPS","","NEO-6M-0-001","A0401","","","","","","NEO-6M-0-001","MODULE BOARD UART PPS","",""
"b2632e9e-47c8-4b90-a9d8-74b64ed34906","","","","","IC,NEO-6M-0-001,MODULE","","NEO-6M-0-001","A0401","","","","","","NEO-6M-0-001","MODULE","",""
"261e58ad-f404-401e-b7ac-2783b8792cf6","","","","","IC,LTQW COULOMB COUNTER,MODULE","LINEAR TECH","LTQW COULOMB COUNTER","A0402","","","","","","LTQW COULOMB COUNTER","MODULE","",""
"76dac565-bab8-4c51-8651-48b9ec90d018","","","","","IC,ESP-M2-E,MODULE","","ESP-M2-E","A0402","","","","","","ESP-M2-E","MODULE","",""
"0f6bdfa5-1ac8-4179-8e45-830f4331282d","","","","","IC,BME280,MODULE","BOSCH","BME280","A0402","","","","","","BME280","MODULE","",""
"dff66e44-79c9-422f-bd1d-855720fc0119","","","","","IC,GY-21P,MODULE","","GY-21P","A0402","","","","","","GY-21P","MODULE","",""
"733d5f45-1305-4205-ab11-72bb91d18211","","","","","IC,WT51822,MODULE","","WT51822","A0402","","","","","","WT51822","MODULE","",""
"3dc5fc47-942d-4693-b24c-82127625c00b","","","","","IC,APDS-9960,MODULE","","APDS-9960","A0402","","","","","","APDS-9960","MODULE","",""
"e072b001-ad50-475f-984d-74416e3a3c79","","","","","IC,M590E,MODULE","NEOWAY","M590E","A0402","","","","","","M590E","MODULE","",""
"4dc34f59-d9a8-4f06-899c-823e1000c056","","","","","IC,INA219,MODULE","","INA219","A0402","","","","","","INA219","MODULE","",""
"4a03d56a-da62-484c-a996-83688235273d","","","","","IC,D1 MINI,MODULE","WEMOS","D1 MINI","A0405","","","","","","D1 MINI","MODULE","",""
"75cd226d-bc71-4967-8f05-8b5951e0e65e","","","","","IC,ESP8266 MOD AI-THINKER,MODULE","","ESP8266 MOD AI-THINKER","A0405","","","","","","ESP8266 MOD AI-THINKER","MODULE","",""
"895efe56-4eae-45dd-b954-e049a8b0d6c6","","","","","IC,ESP-12S,MODULE","","ESP-12S","A0405","","","","","","ESP-12S","MODULE","",""
"403f73fb-78cf-4f73-9b67-dc5a88828d36","","","","","IC,ESP-12E,MODULE","","ESP-12E","A0405","","","","","","ESP-12E","MODULE","",""
"763bcc33-0395-4d81-be67-1675031a8728","","","","","IC,LP2992-1.8,SOT","","LP2992-1.8","A0407","","","","","","LP2992-1.8","SOT","",""
"57e5d47c-7ffb-4cbb-b61f-fedb97a68704","","","","","IC,MICROCONTROLLER,8-BIT,C8051F022,TQFP","","C8051F022","A0409","","","","","","C8051F022","TQFP","MICROCONTROLLER,8-BIT",""
"5f3aae72-a0ef-4b39-a141-02e4b5d7818b","","","","","IC,CY7C187,DIP,TH","","CY7C187","A0419","","","","","","CY7C187","DIP","","TH"
"5bd0a736-a51c-4ffa-99a3-8fd920b7ae65","","","","","IC,SSP1117-3.3,SOT223","","SSP1117-3.3","A0421","","","","","","SSP1117-3.3","SOT223","",""
"40ea5d96-a9c1-4f9f-972a-f53c383b9a6f","","","","","IC,AI-THINKER A7 GPS GPRS,MODULE","","AI-THINKER A7 GPS GPRS","A0392","","","","","","AI-THINKER A7 GPS GPRS","MODULE","",""
"1907b1b8-a3eb-4885-885e-c3ef83fe98e4","","","","","IC,SFM10R2,MODULE","WISOL","SFM10R2","A0393","","","","","","SFM10R2","MODULE","",""
"da3e5f5f-d2a0-42fe-99d9-bb791bf33759","","","","","IC,ESP-WROOM32,MODULE","","ESP-WROOM32","A0394","","","","","","ESP-WROOM32","MODULE","",""
"5180f108-b5d0-4b0c-9c77-cacaabf5d2ae","","","","","IC,LOGIC,QUAD,NAND2,SCHMITTTRIGGER,74HC132,DIP,TH","","74HC132","A0410","","","","","","74HC132","DIP","LOGIC,QUAD,NAND2,SCHMITTTRIGGER","TH"
"7f9c515c-fa94-495d-8a51-2bff7dd45240","","","","","IC,VOLTAGE REFERENCE,1.2V,LM385Z-1.2,TO92,TH","","LM385Z-1.2","A0403","","","","","24117","LM385Z-1.2","TO92","VOLTAGE REFERENCE,1.2V","TH"
"5c09b8ca-e62f-478a-b8ed-63d599108092","","","","","IC,LMC6062,DIP8,TH","TI","LMC6062","A0554","","","","","","LMC6062","DIP8","","TH"
"e70ee414-fca6-421d-b443-0de175f4b879","","","","","IC,LM2904,DIP8,TH","TI","LM2904","A0548","","","","","","LM2904","DIP8","","TH"
"1c29a05c-76a4-4986-a499-085f9c7ee781","","","","","IC,OPAMP,SINGLE,LF412,DIP8,TH","TI","LF412","A0547","","","","","","LF412","DIP8","OPAMP,SINGLE","TH"
"e5e97424-30b2-47bf-80d2-a7ca810c6dca","","","","","IC,74HC244,DIP20,TH","ST","74HC244","A0569","","","","","","74HC244","DIP20","","TH"
"1a2d72db-729e-42ad-af8b-ec2e0da24d0f","","","","","IC,LOGIC,HEX INVERTER,SCHMITTTRIGGER,74HC14,DIP14,TH","ON","74HC14","A0557","","","","","","74HC14","DIP14","LOGIC,HEX INVERTER,SCHMITTTRIGGER","TH"
"e2e73931-5668-46c3-8f14-6668625b4a46","","","","","IC,DQ2817A,DIP28,TH","SEEQ","DQ2817A","A0551","","","","","","DQ2817A","DIP28","","TH"
"5dd33819-bc21-4299-8664-2d9abfd7b658","","","","","IC,TC55257,DIP28,TH","TOSHIBA","TC55257","A0550","","","","","","TC55257","DIP28","","TH"
"70b1ca41-1ff5-4b52-9c2c-43e69fe2f339","","","","","IC,74HCTLS01,DIP14,TH","SAMSUNG","74HCTLS01","A0549","","","","","","74HCTLS01","DIP14","","TH"
"637705c2-e82e-4750-bfff-5dbb1d07d83e","","","","","IC,LM4041C12,TO92,TH","TI","LM4041C12","A0567","","","","","","LM4041C12","TO92","","TH"
"2a290fbb-3737-49d5-855b-5e332406c475","","","","","IC,MICROCONTROLLER,PIC16F15355,DIP,TH","MICROCHIP","PIC16F15355","A0568","","","","","","PIC16F15355","DIP","MICROCONTROLLER","TH"
"b69958c4-7057-4661-8f0b-1b6c14168c51","","","","","IC,MICROCONTROLLER,PIC16F1717,DIP40,TH","","PIC16F1717","A0552","","","","","","PIC16F1717","DIP40","MICROCONTROLLER","TH"
"dbc7da94-7b4d-4919-aa09-4f216d1be8a6","","","","","IC,LM285Z-1.2,TO92,TH","","LM285Z-1.2","A0544","","","","","","LM285Z-1.2","TO92","","TH"
"deff7787-c028-4644-bb48-379e7d0b4d44","","","","","IC,MICROCONTROLLER,PIC16F1513,DIP,TH","","PIC16F1513","A0545","","","","","","PIC16F1513","DIP","MICROCONTROLLER","TH"
"18f94452-fc18-4b93-9d6a-538a5b171ab7","","","","","IC,LOGIC,8 BIT SHIFT REGISTER,74HC4094,DIP,TH","","74HC4094","A0546","","","","","","74HC4094","DIP","LOGIC,8 BIT SHIFT REGISTER","TH"
"f5316471-3038-4299-a0b9-c9f9934a8c6e","","","","","IC,LM334Z LT65-5201,TO92,TH","LINEAR TECH","LM334Z LT65-5201","A0555","","","","","","LM334Z LT65-5201","TO92","","TH"
"c352f573-74da-4c22-9ad9-9acc5e7a3c49","","","","","IC,MICROCONTROLLER,8-BIT,C8051F022,TQFP100","SILABS","C8051F022","A0781, A0782","","","","","","C8051F022","TQFP100","MICROCONTROLLER,8-BIT",""
"ca0c7550-a775-4e77-b293-4c6ee8f055dc","","","","","IC,S89230,MSOP8","ABLIC","S89230","A0792","","","","","","S89230","MSOP8","",""
"3514ff16-ee48-4f5c-ae3a-811cff99d8d2","","","","","IC,D4364,DIP,TH","NEC","D4364","A0795","","","","","","D4364","DIP","","TH"
"6133a0d0-2209-4830-bf06-4f71088fe245","","","","","IC,LOGIC,DECODER,2:4,DUAL,74HCT139,SO16,SMD","NXP","74HCT139","A0796","","","","","","74HCT139","SO16","LOGIC,DECODER,2:4,DUAL","SMD"
"8b4dbb82-d156-4f75-83cf-11b0991e6102","","","","","IC,TRUE RMS,KEITHLEY METERS,AD536,MISC PARTS,SMD","KEITHLEY","AD536","A0799","","","","","","AD536","MISC PARTS","TRUE RMS,KEITHLEY METERS","SMD"
"438b8ee6-6b12-4987-839d-dbe4084dabe2","","","","","IC,AD542,SMD","","AD542","A0799","","","","","","AD542","","","SMD"
"1a12276d-d2c6-4d78-877a-484f47a3bae4","","","","","IC,ICL8052,TH","INTERSIL","ICL8052","A0799","","","","","","ICL8052","","","TH"
"e9faf0b0-e02c-4411-bc39-e5c46fcebb54","","","","","IC,ICL71C03,TH","","ICL71C03","A0799","","","","","","ICL71C03","","","TH"
"f73158a4-cfd5-4a09-ac8c-43d5b24bf373","","","","","IC,LM320T-12,TO220,TH","NATIONAL","LM320T-12","A0803, A0811","","","","","","LM320T-12","TO220","","TH"
"157e1f19-d9bd-4c2f-95d0-9a65fd0bfcda","","","","","IC,TL780-05,TO220,TH","","TL780-05","A0804","","","","","","TL780-05","TO220","","TH"
"c2afa334-4d64-42de-8130-8681c59e4850","","","","","IC,X17256,DIP8,TH","XILINX","X17256","A0805","","","","","","X17256","DIP8","","TH"
"4b24fdf1-8233-4e10-beed-485800a33e92","","","","","IC,MICROCONTROLLER,87C51RC24,DIP40,TH","INTEL","87C51RC24","A0806","","","","","","87C51RC24","DIP40","MICROCONTROLLER","TH"
"03f6eb55-f36a-4e26-bb75-f4d517773c1c","","","","","IC,REFERENCE ZENER WITH HEATER,LM399,TH","NATIONAL","LM399","A0807","","","","","","LM399","","REFERENCE ZENER WITH HEATER","TH"
"d0cf59f1-1df4-497b-9182-45e242eb6338","","","","","IC,TXB0106,TSSOP,SMD","TI","TXB0106","A0826","","","","","","TXB0106","TSSOP","","SMD"
"e9c1885d-96b4-4dca-b9ae-ce4ad87d64e7","","","","","IC,LOGIC,QUAD XOR2,74HC86,DIP,TH","NATIONAL","74HC86","A0929","","","","","","74HC86","DIP","LOGIC,QUAD XOR2","TH"
"255ad463-b76e-4923-b243-67644c141ee6","","","","","IC,MB88342,DIP,TH","FUJITSU","MB88342","A0930","","","","","","MB88342","DIP","","TH"
"4a5babb0-54b0-4296-95a5-bf4d3e8d4479","","","","","IC,LOGIC,QUAD,AND2,74LS08,DIP,TH","HITACHI","74LS08","A0931","","","","","","74LS08","DIP","LOGIC,QUAD,AND2","TH"
"374e1066-dcfb-4fd0-b1ef-5eccf3736d67","","","","","IC,LOGIC,QUAD,AND2,74LS08,DIP,TH","SIGNETICS","74LS08","A932","","","","","","74LS08","DIP","LOGIC,QUAD,AND2","TH"
"0765ba8e-de6d-4370-9b6c-0f0812f73747","","","","","IC,LOGIC,QUAD,AND2,74LS08,DIP,TH","FAIRCHILD","74LS08","A933","","","","","","74LS08","DIP","LOGIC,QUAD,AND2","TH"
"21fce6c8-3641-474e-ba85-baa8ae9e72e0","","","","","IC,ADC,8BIT,8 CHANNEL,MX7828,SMD","MAXIM","MX7828","A0920","","","","","","MX7828","","ADC,8BIT,8 CHANNEL","SMD"
"6f64c139-1f4e-4bcc-b381-2b0d81cf66cf","","","","","IC,LOGIC,LATCH*8,74F373,SMD","TI","74F373","A0921","","","","","","74F373","","LOGIC,LATCH*8","SMD"
"2eb773d3-0154-4770-a60f-90cc9543c8a6","","","","","IC,LOGIC,HEX INVERTER,SCHMITTTRIGGER,74HC14,SMD","ST","74HC14","A0922","","","","","","74HC14","","LOGIC,HEX INVERTER,SCHMITTTRIGGER","SMD"
"51280d94-867f-4792-8b11-5d0596e265d5","","","","","IC,74HC02,SMD","ST","74HC02","A0923","","","","","","74HC02","","","SMD"
"e143675f-b91d-435b-abaa-36217d801afd","","","","","IC,CY7C128,SMD","CYPRESS","CY7C128","A0924","","","","","","CY7C128","","","SMD"
"2f5ae77f-23c5-4f7d-b29f-ee86fd454c8e","","","","","IC,L487,SMD","ST","L487","A0925","","","","","","L487","","","SMD"
"118b4554-793a-44cb-86ab-19ac202ccddf","","","","","IC,ADC,8BIT,8 CHANNEL,MX7828,SMD","MAXIM","MX7828","A0926","","","","","","MX7828","","ADC,8BIT,8 CHANNEL","SMD"
"6065b449-5967-470f-a0fb-c0aba4a7829e","","","","","IC,LOGIC,QUAD,AND2,74LS08,SMD","SIGNETICS","74LS08","A941","","","","","","74LS08","","LOGIC,QUAD,AND2","SMD"
"e7b2da74-d1f4-4233-884d-0d7586bbf7da","","","","","IC,OPAMP,QUAD,TL084,SMD","ST","TL084","A942","","","","","","TL084","","OPAMP,QUAD","SMD"
"4da003ff-1849-4c52-82a5-bb8fb19d2581","","","","","IC,CYK1202,SMD","SONY","CYK1202","A943","","","","","","CYK1202","","","SMD"
"bc14b7a0-f744-4824-b85b-14359ae395c2","","","","","IC,LOGIC,COMPARATOR 8-BIT,74HC688,SMD","ST","74HC688","A944","","","","","","74HC688","","LOGIC,COMPARATOR 8-BIT","SMD"
"99f1abb1-2303-4380-a058-263b597784de","","","","","IC,74HC08,SMD","ST","74HC08","A945","","","","","","74HC08","","","SMD"
"b89b1bed-bba4-4944-aa49-ba11d3d50c6c","","","","","IC,LOGIC,QUAD XOR2,74HC86,SMD","NATIONAL","74HC86","A946","","","","","","74HC86","","LOGIC,QUAD XOR2","SMD"
"e29cfad3-05b8-4a00-a1a9-bb6a12568837","","","","","IC,LOGIC,COMPARATOR 8-BIT,74HC688,SMD","ST","74HC688","A947","","","","","","74HC688","","LOGIC,COMPARATOR 8-BIT","SMD"
"f00c4bac-83d2-40f8-b0a9-7a3f40740ce7","","","","","IC,74HC20,SMD","ST","74HC20","A934","","","","","","74HC20","","","SMD"
"043156e0-8766-45ed-8bb1-d11032e91cec","","","","","IC,LOGIC,ANALOG MUX 1:2 TRIPLE,CD4053,SMD","HARRIS","CD4053","A935","","","","","","CD4053","","LOGIC,ANALOG MUX 1:2 TRIPLE","SMD"
"4799774f-c2a8-4a64-b556-e10887a87885","","","","","IC,2732,SMD","INTEL","2732","A936","","","","","","2732","","","SMD"
"c083e18e-da68-48e3-888c-014a68341b90","","","","","IC,74HC4053,SMD","HARRIS","74HC4053","A937","","","","","","74HC4053","","","SMD"
"d0a10bda-af0d-4605-87f5-f2dfe380da3b","","","","","IC,74F174,SMD","SIGNETICS","74F174","A938","","","","","","74F174","","","SMD"
"1cd34ba1-4d35-4fe3-8575-12ac169d4855","","","","","IC,ADC,8BIT,8 CHANNEL,MX7828,SMD","MAXIM","MX7828","A939","","","","","","MX7828","","ADC,8BIT,8 CHANNEL","SMD"
"18f40af4-adf0-4654-87d9-c1fb32e790f1","","","","","IC,LOGIC,BUS TRANSCEIVER,74HCT245,SMD","PHILIPS","74HCT245","A940","","","","","","74HCT245","","LOGIC,BUS TRANSCEIVER","SMD"
"522f472b-835e-46b1-b0d7-c12c7eef45cf","","","","","IC,LOGIC,DECODER,74F138,SMD","SIGNETICS","74F138","A938","","","","","","74F138","","LOGIC,DECODER","SMD"
"f660c4e2-9c8a-4a80-b0e1-3f6ad9d1a70c","","","","","IC,DG613,SMD","SILICONIX","DG613","A955","","","","","","DG613","","","SMD"
"3eebb1d3-ce60-42c7-ba80-7b2faef7f52f","","","","","IC,LOGIC,HEX INVERTER,SCHMITTTRIGGER,74HC14,SMD","ST","74HC14","A956","","","","","","74HC14","","LOGIC,HEX INVERTER,SCHMITTTRIGGER","SMD"
"34d2b78b-f49c-4a41-b9ba-6f69d5121d26","","","","","IC,74HC08,SMD","ST","74HC08","A957","","","","","","74HC08","","","SMD"
"a7e0ace9-8c54-4fba-a558-a2368b834ac0","","","","","IC,LOGIC,QUAD,AND2,74LS08,SMD","FAIRCHILD","74LS08","A958","","","","","","74LS08","","LOGIC,QUAD,AND2","SMD"
"0b34bb38-9aa1-4b47-8c18-9065f50576bb","","","","","IC,MAX202,SMD","MAXIM","MAX202","A959","","","","","","MAX202","","","SMD"
"b6c36317-ceb3-4888-a9b5-87fa924a92f3","","","","","IC,74HC4051,SMD","HARRIS","74HC4051","A960","","","","","","74HC4051","","","SMD"
"8b6f475b-c80f-4268-b40d-96c45fdcfff5","","","","","IC,AD1826,SMD","ANALOG DEVICES","AD1826","A961","","","","","","AD1826","","","SMD"
"6d734106-04bc-4a36-a721-1b2007725e8e","","","","","IC,DIGITAL FILTER,64TAP,CXK1202S,SMD","SONY","CXK1202S","A948","","","","","","CXK1202S","","DIGITAL FILTER,64TAP","SMD"
"32948002-9693-4893-a2bc-9c4f48079fd2","","","","","IC,LOGIC,D-FLIPFLOP*8,74HCT374,SMD","NATIONAL SEMICONDUCTOR","74HCT374","A949","","","","","","74HCT374","","LOGIC,D-FLIPFLOP*8","SMD"
"be41d7fc-443d-4a5f-98d0-16410b56be71","","","","","IC,LOGIC,QUAD,AND2,74LS08,SMD","TI","74LS08","A950","","","","","","74LS08","","LOGIC,QUAD,AND2","SMD"
"6d822b37-42d8-4b22-9522-aa49cc5b6453","","","","","IC,HCF4013,SMD","ST","HCF4013","A951","","","","","","HCF4013","","","SMD"
"97e99366-568c-46fc-b588-bea10e1ea635","","","","","IC,LOGIC,DECODER,3:8,74HCT138,SMD","PHILIPS","74HCT138","A952","","","","","","74HCT138","","LOGIC,DECODER,3:8","SMD"
"068d88fb-e372-4b57-a760-ce19ec0ee2d4","","","","","IC,74LS590,SMD","TI","74LS590","A953","","","","","","74LS590","","","SMD"
"f292bf04-583f-421f-8c70-e5ac33417d2c","","","","","IC,CY7C187,SMD","CYPRESS","CY7C187","A954","","","","","","CY7C187","","","SMD"
"b5077cf6-ae60-4936-a6a1-c52cd9c28c9e","","","","","IC,80C517,SMD","SIEMENS","80C517","A969","","","","","","80C517","","","SMD"
"6c9eeeef-8554-4e6e-aee7-b1a3ad8a3714","","","","","IC,LOGIC,QUAD,AND2,74LS08,SMD","HITACHI","74LS08","A970","","","","","","74LS08","","LOGIC,QUAD,AND2","SMD"
"89844f06-37dc-4863-939f-7d0af70c96eb","","","","","IC,LOGIC,QUAD,AND2,74LS08,SMD","TI","74LS08","A971","","","","","","74LS08","","LOGIC,QUAD,AND2","SMD"
"182dc244-1ec1-43fd-af83-f3e574872661","","","","","IC,LOGIC,COMPARATOR 8-BIT,74HC688,SMD","ST","74HC688","A972","","","","","","74HC688","","LOGIC,COMPARATOR 8-BIT","SMD"
"ffabd69c-c92b-4588-939e-a8b3c77a4a5e","","","","","IC,LOGIC,QUAD,AND2,74LS08,SMD","TI","74LS08","A973","","","","","","74LS08","","LOGIC,QUAD,AND2","SMD"
"893323b7-c65f-4098-8e50-04af66007a7b","","","","","IC,LF411,SMD","NATIONAL SEMICONDUCTOR","LF411","A974","","","","","","LF411","","","SMD"
"53c95b60-d11a-4f71-b6a6-801edac8bbab","","","","","IC,DIGITAL FILTER,64TAP,CXK1202,SMD","SONY","CXK1202","A975","","","","","","CXK1202","","DIGITAL FILTER,64TAP","SMD"
"40ebcf5f-b1f0-49f5-aa11-d5da4257dbfc","","","","","IC,AMPLIFIER,AUDIO,LM386N-1,TH","NATIONAL SEMICONDUCTOR","LM386N-1","A976","","","","","","LM386N-1","","AMPLIFIER,AUDIO","TH"
"45432a36-fdf5-4572-ba89-ec7c7f5e4d24","","","","","IC,ADG211,TH","ANALOG DEVICES","ADG211","A977","","","","","","ADG211","","","TH"
"7f2167ae-2df1-4e29-9cb5-42d24187574a","","","","","IC,74HCT32,TH","PHILIPS","74HCT32","A978","","","","","","74HCT32","","","TH"
"161bd7a7-60f2-4f34-af9f-be22063be10b","","","","","IC,74HCT74,TH","TI","74HCT74","A979","","","","","","74HCT74","","","TH"
"5f80877d-7bb1-4d39-84f4-fba85b40b8b8","","","","","IC,27C4001,SMD","ST","27C4001","A980","","","","","","27C4001","","","SMD"
"a577bcc7-8935-4745-84d7-ac437e00dca0","","","","","IC,LOGIC,ANALOG MUX 1:4,DUAL,CD4052,TH","RCA","CD4052","A981","","","","","","CD4052","","LOGIC,ANALOG MUX 1:4,DUAL","TH"
"7eb72105-6ef3-4263-9ef7-5f7852551b85","","","","","IC,AD1826,TH","ANALOG DEVICES","AD1826","A982","","","","","","AD1826","","","TH"
"0f2a10ea-0cf5-4bf8-b72d-a8e97c4a54c0","","","","","IC,SAA1043,TH","PHILIPS","SAA1043","A983","","","","","","SAA1043","","","TH"
"19cc7d46-5a55-4eb1-8aa2-80dfce5e8081","","","","","IC,MEMORY,SRAM,8464,TH","FUJITSU","8464","A984","","","","","","8464","","MEMORY,SRAM","TH"
"e7574c13-a0a4-4b3d-9159-2d5a92e322e8","","","","","IC,CY7C291,TH","CYPRESS","CY7C291","A0985","","","","","","CY7C291","","","TH"
"98480f52-12d4-48f8-a923-a802f507fcde","","","","","IC,LH5168,TH","SHARP","LH5168","A0986","","","","","","LH5168","","","TH"
"f79cd16f-5b06-4a49-941c-803ed988e9de","","","","","IC,X2804,TH","XICOR","X2804","A0987","","","","","","X2804","","","TH"
"47a568f5-1cac-48de-acfd-28dfacd20e35","","","","","IC,LOGIC,LATCH*8,74HC573,SMD","ST","74HC573","A0989","","","","","","74HC573","","LOGIC,LATCH*8","SMD"
"05d6833d-11f2-4d6d-9e8d-284eab544665","","","","","IC,AD876,SMD","ANALOG DEVICES","AD876","A0991","","","","","","AD876","","","SMD"
"ac6ac2d1-66ec-4add-9cb6-b8b0ac53951f","","","","","IC,74LV273,SMD","NXP","74LV273","A0992","","","","","","74LV273","","","SMD"
"7f23fa37-e79e-439e-8886-2303bb92d0f2","","","","","IC,MAX4053,SMD","MAXIM","MAX4053","A0993","","","","","","MAX4053","","","SMD"
"a8fa9e52-31d6-46f5-ab4c-1b089ac4e0f9","","","","","IC,74ABT827,SMD","TI","74ABT827","A0994","","","","","","74ABT827","","","SMD"
"9a42d64a-802c-4aa2-9901-0751a833c10e","","","","","IC,LOGIC,QUAD XOR2,74HC86,SMD","NATIONAL SEMICONDUCTOR","74HC86","A0997","","","","","","74HC86","","LOGIC,QUAD XOR2","SMD"
"030df148-8ace-493f-9f6e-553e7e9f2c3f","","","","","IC,MAX4053","MAXIM","MAX4053","A0998","","","","","","MAX4053","","",""
"41ce14be-36cf-477a-9aba-d546a15d9c43","","","","","IC,MIC2505","MICREL","MIC2505","A0999","","","","","","MIC2505","","",""
"39196707-2f6a-49c0-82d0-7e0f15f8f2c2","","","","","IC,74LV541,SMD","TI","74LV541","A1001","","","","","","74LV541","","","SMD"
"ad5ab550-ecc5-4181-8a30-e64603e95168","","","","","IC,TDA8709","NXP","TDA8709","A1002","","","","","","TDA8709","","",""
"6bd120db-ebf3-433c-97e8-1a546e9cc8b5","","","","","IC,PCF8576","NXP","PCF8576","A1003","","","","","","PCF8576","","",""
"fddcd177-3dc1-48e8-bae7-8fd850ea4639","","","","","IC,PA19","APEX","PA19","A1005","","","","","","PA19","","",""
"c0d0da6e-fc48-4e6b-b7c7-8602cdddf1ad","","","","","IC,74ABT541,SMD","TI","74ABT541","A1007","","","","","","74ABT541","","","SMD"
"b9943d9d-0a11-4e13-8f2b-8f8d26ac7c68","","","","","IC,SN75158","TI","SN75158","A1008","","","","","","SN75158","","",""
"925f2eb2-5901-4df6-b7ca-7e60fe33a6ea","","","","","IC,74LS292,SMD","TI","74LS292","A1009","","","","","","74LS292","","","SMD"
"5fa83f8b-5b2d-4f7d-a4bf-3011bfa8eeff","","","","","IC,OPAMP,DUAL,CURRENT FEEDBACK,AD812,SMD","ANALOG DEVICES","AD812","A1010","","","","","","AD812","","OPAMP,DUAL,CURRENT FEEDBACK","SMD"
"ad2bce27-7987-449c-8e9c-259916b7930b","","","","","IC,L78L05,TO92,TH","","L78L05","A1047","","","","","","L78L05","TO92","","TH"
"c1d1f91c-be8a-4f49-9ced-2a90049e9953","","","","","IC,XC9536,PLCC","XILINX","XC9536","A1048","","","","","","XC9536","PLCC","",""
"2f9d9bc7-7a29-4c8d-a113-5192d74b1baa","","","","","IC,LM2596-5.5","NATIONAL","LM2596-5.5","A1049","","","","","","LM2596-5.5","","",""
"70d9b226-4c85-46ec-bf75-dffcabbe6852","","","","","IC,39F010,SMD","SST","39F010","A1050","","","","","","39F010","","","SMD"
"784acb3f-418f-4f93-898a-9a5751de20e3","","","","","IC,MIC29150","MICREL","MIC29150","A1051","","","","","","MIC29150","","",""
"62683c48-2b47-40fb-925c-cc7043696bf3","","","","","IC,P89C738","NXP","P89C738","A1052","","","","","","P89C738","","",""
"44346565-3635-4c5d-abcb-04b6cca43d3e","","","","","IC,39VF010,SMD","SST","39VF010","A1054","","","","","","39VF010","","","SMD"
"6a9c3538-4d2c-4337-b7a1-48c390c4a32f","","","","","IC,SRAM,PARALLEL,128*8,20NS,CY7C109-20,SO28,SMD","CYPRESS","CY7C109-20","A1055","","","","","","CY7C109-20","SO28","SRAM,PARALLEL,128*8,20NS","SMD"
"da3bcb03-800d-45f7-8f47-07e4fc247ed2","","","","","IC,74HC4053,SMD","NATIONAL","74HC4053","A1056","","","","","","74HC4053","","","SMD"
"1e546d84-0de9-4200-b589-233bc2797887","","","","","IC,CXK581020J-35,SMD","SONY","CXK581020J-35","A1058","","","","","","CXK581020J-35","","","SMD"
"cbacdb59-25a5-48ac-a381-ffba02f507c1","","","","","IC,D485505G-25","NEC","D485505G-25","A1059","","","","","","D485505G-25","","",""
"7d606f36-b081-4ef3-a7d4-03d3eaae3edd","","","","","IC,LOGIC,QUAD,NAND2,74HC00,SMD","NATIONAL SEMI","74HC00","A1060","","","","","","74HC00","","LOGIC,QUAD,NAND2","SMD"
"159b8345-d467-408d-87d2-b9c074d0fe15","","","","","IC,1NB4-5003,SMD","HP","1NB4-5003","A1061","","","","","","1NB4-5003","","","SMD"
"2fffde99-453c-4f7d-9b0b-943320232958","","","","","IC,CA3450,DIP,TH","RCA","CA3450","A1062","","","","","","CA3450","DIP","","TH"
"0b6cf88a-2e5a-49d9-b607-53500fce2967","","","","","IC,LOGIC,QUAD NOR2,74LS02,DIP,TH","ST","74LS02","A1063","","","","","","74LS02","DIP","LOGIC,QUAD NOR2","TH"
"9970e8dc-5953-445f-a124-4a25c6e6436b","","","","","IC,74ABT541,SMD","FAIRCHILD","74ABT541","A1064","","","","","","74ABT541","","","SMD"
"32315164-a676-4055-a935-b22d06474160","","","","","IC,87LPC768BD,SMD","NCP","87LPC768BD","A1065","","","","","","87LPC768BD","","","SMD"
"06a05534-8eab-48b2-beaf-0bc2c2121bf6","","","","","IC,74F541,SMD","TI","74F541","A1066","","","","","","74F541","","","SMD"
"5b79fbd5-b892-44f1-b7e1-80e55b54ceff","","","","","IC,W24257,DIP,TH","WINBOND","W24257","A1068","","","","","","W24257","DIP","","TH"
"9e236380-05ea-42c0-a3ab-0c3128bc12cf","","","","","IC,MEMORY,PARALLEL,EPROM,AT27C512,DIP,TH","ATMEL","AT27C512","A1069","","","","","","AT27C512","DIP","MEMORY,PARALLEL,EPROM","TH"
"ab57bf81-5a29-41ec-8b88-880e602d23b2","","","","","IC,COMPARATOR,QUAD,CA339,DIP,TH","RCA","CA339","A1070","","","","","","CA339","DIP","COMPARATOR,QUAD","TH"
"5a3f3ded-d6f1-47b1-9e6d-f895f058383c","","","","","IC,CXK58101J-35,SMD,SMD","SONY","CXK58101J-35","A1071","","","","","","CXK58101J-35","SMD","","SMD"
"587cd793-eb25-4d16-a4e3-1ce17c953c2e","","","","","IC,29EE020,SMD,SMD","SST","29EE020","A1072","","","","","","29EE020","SMD","","SMD"
"166fcb90-c182-423b-929f-a95c1e79603d","","","","","IC,LT1012CN8,DIP,TH","LINEAR TECHNOLOGIES","LT1012CN8","A1073","","","","","","LT1012CN8","DIP","","TH"
"f48b29fa-54c4-4275-839c-2c4f9c308e71","","","","","IC,P89C51RD+1A,PLCC","NXP","P89C51RD+1A","A1075","","","","","","P89C51RD+1A","PLCC","",""
"8eac91a5-80a8-44bd-a8c5-1406838313e0","","","","","IC,SRAM,PARALLEL,128*8,35NS,CY7C109-35VC,SPJ32O,SMD","CYPRESS","CY7C109-35VC","A1076","","","","","","CY7C109-35VC","SPJ32O","SRAM,PARALLEL,128*8,35NS","SMD"
"1172607f-1368-48bc-9496-79e4dd40069b","","","","","IC,39VF010,SMD,SMD","SST","39VF010","A1077","","","","","","39VF010","SMD","","SMD"
"02fc1af1-96dd-4ec0-9c55-88ce51597747","","","","","IC,LT1086CD-ADJ,SMD","LINEAR TECHNOLOGIES","LT1086CD-ADJ","A1078,A1079","","","","","","LT1086CD-ADJ","SMD","",""
"bfbe748d-7190-4946-b84f-076655e0f53d","","","","","IC,SRAM,PARALLEL,128*8,20NS,CY7C109-20VC,SOJ32,SMD","CYPRESS","CY7C109-20VC","A1081","","","","","","CY7C109-20VC","SOJ32","SRAM,PARALLEL,128*8,20NS","SMD"
"50e1a88c-df7b-4dc2-81a2-a6de73c85d49","","","","","IC,74HC20,DIP,SMD","TI","74HC20","A1083","","","","","","74HC20","DIP","","SMD"
"4b5ba933-ccc4-4f08-acbf-6f54fb5d84ea","","","","","IC,74F04,SMD,SMD","MOTOROLA","74F04","A1084","","","","","","74F04","SMD","","SMD"
"f2e61a43-967d-41de-8102-a79043b3b7ef","","","","","IC,OPAMP,SINGLE,AD8542,SO8","ANALOG DEVICES","AD8542","A1085","","","","","","AD8542","SO8","OPAMP,SINGLE",""
"f476f70e-8f96-465a-b6b0-cbe2ee0595a3","","","","","IC,SRAM,PARALLEL,32K*8,15NS,IDT71256,SO28","IDT","IDT71256","A1086","","","","","","IDT71256","SO28","SRAM,PARALLEL,32K*8,15NS",""
"c3a24d83-9ee7-4acc-ab40-206b6c76b76a","","","","","IC,SRAM,PARALLEL,32K*8,80NS,KM62256,SO28","SAMSUNG","KM62256","A1092","","","","","","KM62256","SO28","SRAM,PARALLEL,32K*8,80NS",""
"21e51b3e-148d-49cc-85a4-bf03198ee418","","","","","IC,EEPROM,MICROWIRE,93C46M8,SO8,SMD","FAIRCHILD","93C46M8","A1093","","","","","","93C46M8","SO8","EEPROM,MICROWIRE","SMD"
"cc5052f6-51dc-49e2-af1b-109dff985cf0","","","","","IC,OPAMP,DUAL,TL072C,SO8","TI","TL072C","A1097","","","","","","TL072C","SO8","OPAMP,DUAL",""
"27e7f636-ca32-4c77-83ec-48c76126aa5f","","","","","IC,74ACT08,SO14,SMD","TI","74ACT08","A1098","","","","","","74ACT08","SO14","","SMD"
"75956eff-cacc-4fde-95d2-0b0c012ac566","","","","","IC,74ALS38,SO14,SMD","TI","74ALS38","A1099","","","","","","74ALS38","SO14","","SMD"
"045db98a-9110-4a94-b9c3-f1ff9aafb47c","","","","","IC,MIC33269-3.3,DPAK","MICREL","MIC33269-3.3","A1100","","","","","","MIC33269-3.3","DPAK","",""
"e7f95cb3-8d83-441f-be3a-fc25f54e1579","","","","","IC,EEPROM,MICROWIRE,93C46,SO8,SMD","ATMEL","93C46","A1101","","","","","","93C46","SO8","EEPROM,MICROWIRE","SMD"
"9ec0cb4d-d957-4241-9e9b-800fae872aed","","","","","IC,74HC138","TI","74HC138","A1178","","","","","","74HC138","","",""
"1e14a183-b642-43d1-92f3-2aba22dbf289","","","","","IC,LM393,TO100","NATIONAL","LM393","A1174","","","","","","LM393","TO100","",""
"f386027e-ece8-4366-9f19-19ca8d133fb5","","","","","IC,LM358","NATIONAL","LM358","A1173","","","","","","LM358","","",""
"676bc85f-ab3e-4865-9b5f-5c7d6c77e346","","","","","IC,74AHCT14","TI","74AHCT14","A1165","","","","","","74AHCT14","","",""
"d99ce4ef-6a2c-4501-8ea1-a10f3d98b597","","","","","IC,74HC4053","TI","74HC4053","A1164","","","","","","74HC4053","","",""
"c3950517-105b-45a0-965d-671418554800","","","","","IC,LM555,TO100,TH","NATIONAL","LM555","A1163","","","","","","LM555","TO100","","TH"
"7e810e8e-374a-4432-875c-7e5444772c56","","","","","IC,MM74HC540","FAIRCIHLD","MM74HC540","A1159","","","","","","MM74HC540","","",""
"4ac13186-6257-4796-aa63-921185a7f790","","","","","IC,74ACT244","TI","74ACT244","A1156","","","","","","74ACT244","","",""
"a00ce4de-c4ad-46b9-8d4d-53b5d0b4a62c","","","","","IC,MM5452V","NATIONAL SEMICONDUCTOR","MM5452V","A1152","","","","","","MM5452V","","",""
"6bf66fd1-1b7b-4f19-bd87-2aabf906245f","","","","","IC,LM393,DIP8","ST","LM393","A1150","","","","","","LM393","DIP8","",""
"dba15179-47b3-4512-a377-139f750b7ffe","","","","","IC,39VF512","SST","39VF512","A1149","","","","","","39VF512","","",""
"c6d519f4-4791-4b5e-b9c9-a003b3750cbf","","","","","IC,MC33064-5,TO92","MOTOROLA","MC33064-5","A1148","","","","","","MC33064-5","TO92","",""
"88771a18-f436-43c7-9ea9-59df27d5b2fc","","","","","IC,XC2VP50,BGA1152,SMD","XILINX","XC2VP50","A1146","","","","","","XC2VP50","BGA1152","","SMD"
"894b08a0-6dd6-4bcd-b22f-11dc525763d8","","","","","IC,IDT71024-S20Y,SMD","IDT","IDT71024-S20Y","A1145","","","","","","IDT71024-S20Y","","","SMD"
"d4bbdc09-226e-4b10-9dc0-a96d975dfa73","","","","","IC,ICL7107,TQP44,SMD","INTERSIL","ICL7107","A1144","","","","","","ICL7107","TQP44","","SMD"
"5b98003d-0607-44c9-adaa-c19ad0a485eb","","","","","IC,MB81C78A-35,SMD","FJITSU","MB81C78A-35","A1140","","","","","","MB81C78A-35","","","SMD"
"49ac0ad9-61a7-46a3-90cf-f5140be78595","","","","","IC,MIC33269-3.3,SMD","MICREL","MIC33269-3.3","A1135","","","","","","MIC33269-3.3","","","SMD"
"44cd21f0-06d5-477c-bab2-2dc9c9c4ffbf","","","","","IC,CXK58257-10L,SMD","SONY","CXK58257-10L","A1134","","","","","","CXK58257-10L","","","SMD"
"7cc162a9-6f3b-4cc1-997d-363d8110f421","","","","","IC,LT1587-3.3,SMD","","LT1587-3.3","A1133","","","","","","LT1587-3.3","","","SMD"
"78c75a5b-2913-4f04-bbbc-b6f693ea13d1","","","","","IC,7812,SMD","TI","7812","A1128","","","","","","7812","","","SMD"
"e6e13a2c-ce18-4bb4-930b-3054aedcf9b4","","","","","IC,AD711,SMD","","AD711","A1120","","","","","","AD711","","","SMD"
"5b5f36c2-b3e5-4145-a7f2-5079c3399b17","","","","","IC,74HCT4053,SMD","TI","74HCT4053","A1118","","","","","","74HCT4053","","","SMD"
"2850d489-0e04-4667-9a3e-8dc845a4ba85","","","","","IC,74HCT02,SMD","ST","74HCT02","A1117","","","","","","74HCT02","","","SMD"
"4626e309-5e4c-4dbc-9797-d6823dcbdf7e","","","","","IC,LM78L05,TH","","LM78L05","A1113","","","","","","LM78L05","","","TH"
"fc0596f5-5097-4cf3-9752-a5e8dede29cd","","","","","IC,74VC04,SMD","","74VC04","A1107","","","","","","74VC04","","","SMD"
"4eca1377-e5cc-4df2-901d-22a340e92018","","","","","IC,93C46,TH","ST","93C46","A1106","","","","","","93C46","","","TH"
"730fccc6-f145-4d9a-ae2a-cc9c946d6465","","","","","IC,CP2102,SMD","","CP2102","A1105","","","","","","CP2102","","","SMD"
"f5cdaf66-f473-464b-9b95-d21eddd2d40c","","","","","IC,74HCT4051,SMD","TI","74HCT4051","A1103","","","","","","74HCT4051","","","SMD"
"17e40eb9-c441-4605-b274-cfc24b21976b","","","","","IC,M5M5256,SMD","MITSUBISHI","M5M5256","A1102","","","","","","M5M5256","","","SMD"
"936cccfe-c67d-4a52-894c-6c1313232027","","","","","IC,74F14,SMD","TI","74F14","A1179","","","","","","74F14","","","SMD"
"0638d7bb-cb57-4243-8a4c-84bd937e561f","","","","","IC,74HC86,SMD","TI","74HC86","A1180","","","","","","74HC86","","","SMD"
"e9a48548-d3b5-4a9b-a902-5976d32166f8","","","","","IC,74LS14,DIP,TH","TI","74LS14","A1210","","","","","","74LS14","DIP","","TH"
"b7ef8a7e-b7c0-4571-af1f-673a56fad281","","","","","IC,74HCT74,DIP,TH","TI","74HCT74","A1213","","","","","","74HCT74","DIP","","TH"
"22e93ab9-bda6-461a-b63b-ce68fdd36f97","","","","","IC,74LS00,DIP14,TH","TI","74LS00","A1216","","","","","","74LS00","DIP14","","TH"
"ef82a5f0-e33e-4815-895e-38bc5033a086","","","","","IC,LMC555,DIP8,TH","NATIONAL","LMC555","A1217","","","","","","LMC555","DIP8","","TH"
"c6bfac12-c394-48e7-a3de-9a28aa75e1e9","","","","","IC,DAC800,DIP,TH","NATIONAL","DAC800","A1219","","","","","","DAC800","DIP","","TH"
"5cf8757d-4f89-4147-9177-73bbe84bae21","","","","","IC,ULN2003,SO16,SMD","","ULN2003","A1223","","","","","","ULN2003","SO16","","SMD"
"f14d7433-2288-4f69-be08-a69921dcd2cc","","","","","IC,LM3900,DIP,TH","","LM3900","A1226","","","","","","LM3900","DIP","","TH"
"5f4e30d9-6ee3-449b-bb35-8949e4eb949c","","","","","IC,ADG211,DIP,TH","","ADG211","A1227","","","","","","ADG211","DIP","","TH"
"e4a757de-0f39-4c38-8067-6f89951728c9","","","","","IC,27C512 OTP,DIP","","27C512 OTP","A1233","","","","","","27C512 OTP","DIP","",""
"714e5774-bb92-4240-bdc1-07e9af71c113","","","","","IC,74ALVCH16244","IDT","74ALVCH16244","A1235","","","","","","74ALVCH16244","","",""
"7f4c396f-001e-4107-bc75-dd9fc8f177bd","","","","","IC,LT1374HV,D2PAK","","LT1374HV","A1237","","","","","","LT1374HV","D2PAK","",""
"bb3e5baf-d358-46ae-9126-5fc0e3397ebc","","","","","IC,LM339,DIP8","RAYTHEON","LM339","A1238","","","","","","LM339","DIP8","",""
"1e52e6f8-9663-48f7-9c19-1a9647f459bf","","","","","IC,74HCT541,DIP","ST","74HCT541","A1241","","","","","","74HCT541","DIP","",""
"1bb07c45-2cb2-4d64-a972-4db70ef2cf13","","","","","IC,74HC688,DIP","ST","74HC688","A1245","","","","","","74HC688","DIP","",""
"20f24b05-8e4c-4a75-92a5-eeb6180a224e","","","","","IC,HEF4028","","HEF4028","A1248","","","","","","HEF4028","","",""
"6f189210-8cd1-4509-9ead-6e65a8409fe0","","","","","IC,74LS02,DIP","","74LS02","A1249","","","","","","74LS02","DIP","",""
"560c5768-0476-4123-a857-9f8d7466fa12","","","","","IC,87C751,DIP","","87C751","A1252","","","","","","87C751","DIP","",""
"4e43ffb0-ba35-48e2-b97e-14ad9b8099de","","","","","IC,ICL71C03,DIP","","ICL71C03","A1253","","","","","","ICL71C03","DIP","",""
"25b5041a-73e7-45e7-b124-9700b8f00147","","","","","IC,EPM1270,TQFP144","ALTERA","EPM1270","A1254","","","","","","EPM1270","TQFP144","",""
"c9d628a8-5571-4db5-8ce7-3daabe2c4fb0","","","","","IC,LM201,TO99","","LM201","A1255","","","","","","LM201","TO99","",""
"f7f796c1-e6e1-4ed0-9828-8f1a00f7e382","","","","","IC,CD4013,SO14","","CD4013","A1258","","","","","","CD4013","SO14","",""
"460d481f-68c7-4d62-9178-ddbef7b60829","","","","","IC,74F74","","74F74","A1263","","","","","","74F74","","",""
"3c65ca08-2c35-43c3-a0fe-b1fa55f87ce5","","","","","IC,LF355","","LF355","A1264","","","","","","LF355","","",""
"2e96f954-a427-4606-8545-817ff4adfccf","","","","","IC,87C751,DIP","","87C751","A1267","","","","","","87C751","DIP","",""
"7d490661-b13d-465b-a1ed-cc57f227ac21","","","","","IC,LM339,DIP","ST","LM339","A1268","","","","","","LM339","DIP","",""
"264f8860-4b56-4ff8-9aa8-4a52f9045883","","","","","IC,74LS593,DIP","TI","74LS593","A1273","","","","","","74LS593","DIP","",""
"d4642530-ecf9-40c4-b9e7-7f24a864878e","","","","","IC,CD4011","","CD4011","A1274","","","","","","CD4011","","",""
"40943886-79a9-4f29-bf44-a8378547f21f","","","","","IC,74F138,DIP","","74F138","A1278","","","","","","74F138","DIP","",""
"b20233ef-5e2a-4d8d-bde6-bf8ca1dcf377","","","","","IC,74HCT573","","74HCT573","A1280","","","","","","74HCT573","","",""
"4aac16c6-3ec4-4ab9-9975-cf5b99049861","","","","","IC,74F174,DIP","","74F174","A1282","","","","","","74F174","DIP","",""
"6f396e20-b2a3-4362-882a-a24338e958f6","","","","","IC,74HC573","","74HC573","A1284","","","","","","74HC573","","",""
"1dd30bb8-62d7-4801-9518-277fa675d54b","","","","","IC,DS1267-10","","DS1267-10","A1285","","","","","","DS1267-10","","",""
"a8fb5494-454f-4d90-8bb6-9a0e8be54a88","","","","","IC,W24257A-35,DIP","","W24257A-35","A1286","","","","","","W24257A-35","DIP","",""
"d050ff3f-3d08-431c-a544-e06ec3183cc7","","","","","IC,CA339,DIP","","CA339","A1291","","","","","","CA339","DIP","",""
"04a8b9c4-4c92-4225-82cb-19682f2d2b58","","","","","IC,74LS02,DIP","","74LS02","A1293","","","","","","74LS02","DIP","",""
"2c48ea01-b055-4fea-a968-8641bb62e194","","","","","IC,74HCT574,DIP","","74HCT574","A1298","","","","","","74HCT574","DIP","",""
"b31f1c0f-d6b5-4d83-996d-37da9dcfcbb7","","","","","IC,LT1308","","LT1308","A1306","","","","","","LT1308","","",""
"3517247e-6ec4-4de9-a825-917426bbdae1","","","","","IC,LT1084CP,TO247","","LT1084CP","A1309","","","","","","LT1084CP","TO247","",""
"7e962350-2b21-4a36-b224-52841e40c336","","","","","IC,TL071CP,DIP","","TL071CP","A1312","","","","","","TL071CP","DIP","",""
"5e5a52da-9c2a-4992-9d16-0a7deabc1ff0","","","","","IC,MC34064","","MC34064","A1313","","","","","","MC34064","","",""
"d37b4eb9-9bfb-40c8-bdd3-e3ec72f34dde","","","","","IC,TL072A","","TL072A","A1315","","","","","","TL072A","","",""
"9fe7f51b-7655-4fd2-902a-d6001dc7c5b2","","","","","IC,L5973AD","","L5973AD","A1316","","","","","","L5973AD","","",""
"89384c4a-bbe4-489e-9996-69ec5ef0b398","","","","","IC,RTL8710","","RTL8710","A1317","","","","","","RTL8710","","",""
"d08d0978-faa7-4061-88ec-5d252f9bd3c2","","","","","IC,74ABT573,DIP","","74ABT573","A1318","","","","","","74ABT573","DIP","",""
"2b36a6d7-0d7b-4c28-afcc-e6d976af9999","","","","","IC,LM336-5.0,TO92","","LM336-5.0","A1319","","","","","","LM336-5.0","TO92","",""
"4bbb793c-b6c7-494d-bcf7-861e21470346","","","","","IC,M5M4C264,ZIL","","M5M4C264","A1323","","","","","","M5M4C264","ZIL","",""
"4611dd3e-1cbf-4d41-b18e-e6c841645c2a","","","","","IC,PA19,TO3","","PA19","A1326","","","","","","PA19","TO3","",""
"dc3df7e1-075d-49a7-961d-c7a21a1ac40f","","","","","IC,TC77-33","","TC77-33","A1320","","","","","","TC77-33","","",""
"e5c590bf-f4c1-4b32-88e7-fddc5b54c35c","","","","","IC,PAL20X8,DIP","MMI","PAL20X8","A1321","","","","","","PAL20X8","DIP","",""
"400cc026-ea45-423d-aa36-0a41217598c6","","","","","IC,27C4001","","27C4001","A1330","","","","","","27C4001","","",""
"baf69d7a-07e3-4eb7-800f-da987da48ef0","","","","","IC,74LS08","","74LS08","A1331","","","","","","74LS08","","",""
"5a5bc395-b9c8-43a5-8462-de59431c235d","","","","","IC,M430G2452","TI","M430G2452","A1332","","","","","","M430G2452","","",""
"5449fab7-8bcf-49c8-b52d-129a9dbbc8d3","","","","","IC,MH002C,TO220-4","JRC","MH002C","A1334","","","","","","MH002C","TO220-4","",""
"5a96a465-a153-4836-8ae3-3abf7ee8bd30","","","","","IC,TDA7492","ST","TDA7492","A1335","","","","","","TDA7492","","",""
"9a9cee82-b2d9-46a0-a6d8-cb92b3f28afd","","","","","IC,PIC12F629","","PIC12F629","A1336","","","","","","PIC12F629","","",""
"c5c2a9c1-4d49-4b7e-967a-e5f007a93f52","","","","","IC,MAX1673","","MAX1673","","","","","","","MAX1673","","",""
"f1fb970d-ba65-40fa-a12b-f2b7756e379c","","","","","IC,MAX660","","MAX660","","","","","","","MAX660","","",""
"0143551b-3963-4a34-bcd4-195d53400be8","","","","","IC,TDA7419","","TDA7419","","","","","","","TDA7419","","",""
"c9515881-8b19-4b90-b7a8-ddfe4ac19551","","","","","IC,LT11175,SOT223","","LT11175","","","","","","","LT11175","SOT223","",""
"204f2418-d24d-4c1a-a74a-f93325b7fac1","","","","","IC,74HC4051","","74HC4051","","","","","","","74HC4051","","",""
"58499f98-67dd-48a1-8603-6ff37941cf7d","","","","","IC,AT24C08","ATMEL","AT24C08","","","","","","","AT24C08","","",""
"af7c20f2-2e7e-4d58-a14b-76b5911db10c","","","","","IC,CD4001","","CD4001","","","","","","","CD4001","","",""
"4fe7a186-9a61-49fb-80d9-615ac0699d84","","","","","IC,LF347","","LF347","","","","","","","LF347","","",""
"5f45ca9e-e534-49c1-9574-2c089c8403cc","","","","","IC,LM2903","TI","LM2903","","","","","","","LM2903","","",""
"f2e4dee9-7333-4192-9da7-1b2a8a46e706","","","","","IC","","","","","","","","","","","",""
"97373d9e-32ad-431e-a588-79c2eaf9c216","","","","","IC","","","","","","","","","","","",""
